StrmLev,stream_id,fpbFtrTy,fpbFPasSta,cost,pass_score
1,1,Culvert,Unknown,108847.2,0.1
1,1,Culvert,UnkAnad,108847.2,0.1
1,1,Falls,UnkAnad,455041.93,0.5
1,1,Bridge,Unknown,370171,0.1
1,1,Bridge,Unknown,370171,0.1
1,1,Bridge,Unknown,370171,0.1
1,1,Bridge,Unknown,370171,0.1
1,1,Bridge,Unknown,370171,0.1
1,1,Bridge,Unknown,370171,0.1
1,1,Dam,Blocked,487195.2,0.1
1,1,Falls,Partial,455041.93,0.5
1,1,Falls,Partial,455041.93,0.5
1,1,Falls,Partial,455041.93,0.5
2,2,Bridge,Unknown,370171,0.1
2,2,Culvert,Passable,108847.2,1
2,2,Culvert,Partial,108847.2,0.5
2,4,Falls,UnkAnad,455041.93,0.5
2,4,Falls,Partial,455041.93,0.5
2,5,Bridge,Unknown,370171,0.1
2,5,Bridge,Unknown,370171,0.1
2,5,Bridge,Unknown,370171,0.1
2,5,TideGate,UnkAnad,77617.39,0.5
2,5,Culvert,Unknown,108847.2,0.1
2,5,Culvert,Partial,108847.2,0.5
2,6,TideGate,UnkAnad,77617.39,0.5
2,8,Culvert,UnkAnad,108847.2,0.1
2,8,Culvert,Unknown,108847.2,0.1
2,8,Bridge,Unknown,370171,0.1
2,8,Bridge,Unknown,370171,0.1
2,8,Bridge,Unknown,370171,0.1
2,8,Bridge,Unknown,370171,0.1
2,8,Bridge,Unknown,370171,0.1
2,8,Bridge,Unknown,370171,0.1
2,8,Bridge,Unknown,370171,0.1
2,8,Bridge,Unknown,370171,0.1
2,8,Bridge,Unknown,370171,0.1
2,8,Bridge,Unknown,370171,0.1
2,8,Bridge,Unknown,370171,0.1
2,8,Bridge,Unknown,370171,0.1
2,10,Falls,UnkAnad,455041.93,0.5
2,10,Bridge,Unknown,370171,0.1
2,10,Bridge,Unknown,370171,0.1
2,10,Bridge,Unknown,370171,0.1
2,10,Culvert,Partial,108847.2,0.5
2,11,Culvert,Blocked,108847.2,0.1
2,15,Culvert,Unknown,108847.2,0.1
2,18,Culvert,Unknown,108847.2,0.1
2,24,Falls,Unknown,455041.93,0.5
2,24,Falls,Unknown,455041.93,0.5
2,24,Falls,Blocked,455041.93,0.1
2,24,Falls,Blocked,455041.93,0.1
2,24,Falls,Blocked,455041.93,0.1
2,24,Falls,Blocked,455041.93,0.1
2,28,Culvert,UnkAnad,108847.2,0.1
2,28,Bridge,Unknown,370171,0.1
2,28,Bridge,Unknown,370171,0.1
2,28,Bridge,Unknown,370171,0.1
2,28,Bridge,Unknown,370171,0.1
2,28,Bridge,Unknown,370171,0.1
2,28,TideGate,UnkAnad,77617.39,0.5
2,28,Culvert,UnkAnad,108847.2,0.1
2,28,Culvert,Passable,108847.2,1
2,28,Culvert,Partial,108847.2,0.5
2,29,Bridge,Unknown,370171,0.1
2,29,TideGate,UnkAnad,77617.39,0.5
2,30,Culvert,Unknown,108847.2,0.1
2,30,Culvert,Blocked,108847.2,0.1
2,36,Bridge,Unknown,370171,0.1
2,41,Bridge,Unknown,370171,0.1
2,41,Bridge,Unknown,370171,0.1
2,41,Bridge,Unknown,370171,0.1
2,45,Culvert,UnkAnad,108847.2,0.1
2,79,TideGate,UnkAnad,77617.39,0.5
2,79,TideGate,UnkAnad,77617.39,0.5
2,108,Culvert,Blocked,108847.2,0.1
2,110,Culvert,Unknown,108847.2,0.1
2,114,Culvert,Unknown,108847.2,0.1
2,116,Culvert,Partial,108847.2,0.5
2,117,Culvert,Unknown,108847.2,0.1
2,124,Culvert,Unknown,108847.2,0.1
2,145,Culvert,UnkAnad,108847.2,0.1
2,150,Culvert,UnkAnad,108847.2,0.1
2,150,Culvert,UnkAnad,108847.2,0.1
2,160,Culvert,Passable,108847.2,1
2,169,Culvert,Unknown,108847.2,0.1
2,204,Culvert,Blocked,108847.2,0.1
2,209,Culvert,UnkAnad,108847.2,0.1
2,209,Culvert,Passable,108847.2,1
2,237,Falls,Partial,455041.93,0.5
2,243,Culvert,Unknown,108847.2,0.1
2,252,Culvert,UnkAnad,108847.2,0.1
2,254,Culvert,Unknown,108847.2,0.1
2,268,TideGate,UnkAnad,77617.39,0.5
2,295,Culvert,Blocked,108847.2,0.1
2,309,Falls,Partial,455041.93,0.5
2,311,Culvert,Unknown,108847.2,0.1
2,313,Culvert,Unknown,108847.2,0.1
3,323,Falls,UnkAnad,455041.93,0.5
3,323,Dam,Partial,487195.2,0.5
3,324,Falls,Unknown,455041.93,0.5
3,329,Bridge,Unknown,370171,0.1
3,329,Bridge,Unknown,370171,0.1
3,330,Bridge,Unknown,370171,0.1
3,331,Culvert,Passable,108847.2,1
3,336,Culvert,Unknown,108847.2,0.1
3,336,Culvert,Unknown,108847.2,0.1
3,338,Culvert,Partial,108847.2,0.5
3,342,Culvert,Passable,108847.2,1
3,350,Culvert,Unknown,108847.2,0.1
3,351,Culvert,Unknown,108847.2,0.1
3,356,Culvert,UnkAnad,108847.2,0.1
3,356,Dam,UnkAnad,487195.2,0.1
3,356,Bridge,Unknown,370171,0.1
3,356,Bridge,Unknown,370171,0.1
3,356,Bridge,Unknown,370171,0.1
3,356,Dam,Blocked,487195.2,0.1
3,358,Falls,Blocked,455041.93,0.1
3,360,Culvert,Blocked,108847.2,0.1
3,361,CascadeGradientVelocity,UnkAnad,455041.93,0.1
3,363,Culvert,Unknown,108847.2,0.1
3,363,Culvert,Unknown,108847.2,0.1
3,365,Culvert,Unknown,108847.2,0.1
3,369,Bridge,Unknown,370171,0.1
3,369,Culvert,Passable,108847.2,1
3,369,Culvert,Partial,108847.2,0.5
3,372,Bridge,Unknown,370171,0.1
3,372,TideGate,UnkAnad,77617.39,0.5
3,373,Culvert,Unknown,108847.2,0.1
3,375,Culvert,UnkAnad,108847.2,0.1
3,375,TideGate,UnkAnad,77617.39,0.5
3,375,Culvert,Passable,108847.2,1
3,377,Culvert,Partial,108847.2,0.5
3,380,TideGate,UnkAnad,77617.39,0.5
3,386,Falls,Blocked,455041.93,0.1
3,390,Culvert,Partial,108847.2,0.5
3,392,Culvert,UnkAnad,108847.2,0.1
3,392,Culvert,UnkAnad,108847.2,0.1
3,392,Culvert,Passable,108847.2,1
3,393,Falls,UnkAnad,455041.93,0.5
3,393,Bridge,Unknown,370171,0.1
3,393,CascadeGradientVelocity,Unknown,455041.93,0.1
3,393,CascadeGradientVelocity,Unknown,455041.93,0.1
3,393,Dam,Partial,487195.2,0.5
3,393,Falls,Blocked,455041.93,0.1
3,393,Falls,Blocked,455041.93,0.1
3,393,Falls,Partial,455041.93,0.5
3,394,Culvert,Partial,108847.2,0.5
3,395,Culvert,UnkAnad,108847.2,0.1
3,396,Bridge,Unknown,370171,0.1
3,396,Culvert,UnkAnad,108847.2,0.1
3,396,Culvert,Partial,108847.2,0.5
3,396,Dam,Passable,487195.2,1
3,397,Culvert,Unknown,108847.2,0.1
3,405,Bridge,Unknown,370171,0.1
3,407,Bridge,Unknown,370171,0.1
3,407,Bridge,Unknown,370171,0.1
3,407,WeirSill,Partial,0,0.5
3,413,Culvert,Passable,108847.2,1
3,444,Culvert,Unknown,108847.2,0.1
3,450,Bridge,Unknown,370171,0.1
3,457,Culvert,Passable,108847.2,1
3,458,Culvert,Passable,108847.2,1
3,458,Culvert,Passable,108847.2,1
3,458,Culvert,Passable,108847.2,1
3,458,Culvert,Passable,108847.2,1
3,459,Culvert,Blocked,108847.2,0.1
3,459,Culvert,Blocked,108847.2,0.1
3,463,Falls,Blocked,455041.93,0.1
3,463,Falls,Blocked,455041.93,0.1
3,465,Falls,Unknown,455041.93,0.5
3,465,Falls,Unknown,455041.93,0.5
3,465,Falls,Unknown,455041.93,0.5
3,465,Falls,Unknown,455041.93,0.5
3,465,Falls,Unknown,455041.93,0.5
3,465,Falls,Unknown,455041.93,0.5
3,466,Culvert,UnkAnad,108847.2,0.1
3,466,Culvert,UnkAnad,108847.2,0.1
3,466,Culvert,Partial,108847.2,0.5
3,470,Culvert,Unknown,108847.2,0.1
3,470,Culvert,UnkAnad,108847.2,0.1
3,471,Culvert,Partial,108847.2,0.5
3,474,Bridge,Unknown,370171,0.1
3,474,TideGate,UnkAnad,77617.39,0.5
3,474,TideGate,UnkAnad,77617.39,0.5
3,474,TideGate,UnkAnad,77617.39,0.5
3,481,Culvert,Partial,108847.2,0.5
3,488,Falls,Blocked,455041.93,0.1
3,490,Culvert,Unknown,108847.2,0.1
3,491,Bridge,Unknown,370171,0.1
3,491,Culvert,Passable,108847.2,1
3,491,Culvert,Passable,108847.2,1
3,491,Culvert,Passable,108847.2,1
3,492,Falls,UnkAnad,455041.93,0.5
3,494,Culvert,Passable,108847.2,1
3,495,Culvert,Passable,108847.2,1
3,499,Culvert,UnkAnad,108847.2,0.1
3,499,Culvert,UnkAnad,108847.2,0.1
3,499,Culvert,Partial,108847.2,0.5
3,499,Culvert,Partial,108847.2,0.5
3,504,Culvert,Unknown,108847.2,0.1
3,509,Falls,Blocked,455041.93,0.1
3,516,Culvert,UnkAnad,108847.2,0.1
3,516,Culvert,Unknown,108847.2,0.1
3,516,Culvert,Unknown,108847.2,0.1
3,516,Falls,Unknown,455041.93,0.5
3,516,Culvert,UnkAnad,108847.2,0.1
3,516,Falls,Blocked,455041.93,0.1
3,516,Culvert,Blocked,108847.2,0.1
3,516,Culvert,Partial,108847.2,0.5
3,516,Falls,Blocked,455041.93,0.1
3,517,Culvert,Partial,108847.2,0.5
3,517,Culvert,Blocked,108847.2,0.1
3,520,Bridge,Unknown,370171,0.1
3,525,Culvert,UnkAnad,108847.2,0.1
3,525,Bridge,Unknown,370171,0.1
3,525,Culvert,Passable,108847.2,1
3,532,Falls,Blocked,455041.93,0.1
3,533,Falls,Unknown,455041.93,0.5
3,533,Falls,Unknown,455041.93,0.5
3,533,Falls,UnkAnad,455041.93,0.5
3,533,CascadeGradientVelocity,Partial,455041.93,0.5
3,535,Culvert,Unknown,108847.2,0.1
3,538,Culvert,Unknown,108847.2,0.1
3,540,Culvert,Unknown,108847.2,0.1
3,541,Culvert,Unknown,108847.2,0.1
3,553,Falls,UnkAnad,455041.93,0.5
3,553,Bridge,Unknown,370171,0.1
3,554,Culvert,Blocked,108847.2,0.1
3,555,Culvert,Unknown,108847.2,0.1
3,560,Falls,Unknown,455041.93,0.5
3,560,Falls,Unknown,455041.93,0.5
3,560,Falls,Unknown,455041.93,0.5
3,560,Falls,Blocked,455041.93,0.1
3,560,Falls,Blocked,455041.93,0.1
3,575,Culvert,Partial,108847.2,0.5
3,646,Culvert,Partial,108847.2,0.5
3,648,Culvert,Unknown,108847.2,0.1
3,648,Culvert,Blocked,108847.2,0.1
3,651,Bridge,Unknown,370171,0.1
3,652,Culvert,Partial,108847.2,0.5
3,655,Culvert,Blocked,108847.2,0.1
3,657,Bridge,Unknown,370171,0.1
3,657,Culvert,Passable,108847.2,1
3,659,Culvert,Blocked,108847.2,0.1
3,680,TideGate,UnkAnad,77617.39,0.5
3,680,TideGate,UnkAnad,77617.39,0.5
3,687,TideGate,UnkAnad,77617.39,0.5
3,693,Culvert,Unknown,108847.2,0.1
3,699,Bridge,Unknown,370171,0.1
3,700,Culvert,Unknown,108847.2,0.1
3,700,Bridge,Unknown,370171,0.1
3,700,TideGate,UnkAnad,77617.39,0.5
3,702,Culvert,Unknown,108847.2,0.1
3,717,Culvert,Partial,108847.2,0.5
3,731,Culvert,Partial,108847.2,0.5
3,735,Bridge,Unknown,370171,0.1
3,735,Falls,Blocked,455041.93,0.1
3,742,Culvert,Passable,108847.2,1
3,744,Culvert,UnkAnad,108847.2,0.1
3,760,Culvert,Blocked,108847.2,0.1
3,762,Culvert,Unknown,108847.2,0.1
3,773,Culvert,Partial,108847.2,0.5
3,773,Culvert,Partial,108847.2,0.5
3,777,Culvert,Unknown,108847.2,0.1
3,779,Culvert,UnkAnad,108847.2,0.1
3,779,Dam,Blocked,487195.2,0.1
3,781,Bridge,Unknown,370171,0.1
3,781,Culvert,Partial,108847.2,0.5
3,781,Culvert,Passable,108847.2,1
3,781,Falls,Blocked,455041.93,0.1
3,781,Falls,Blocked,455041.93,0.1
3,788,Culvert,Passable,108847.2,1
3,790,Culvert,Passable,108847.2,1
3,790,Culvert,Blocked,108847.2,0.1
3,791,Culvert,Unknown,108847.2,0.1
3,792,TideGate,UnkAnad,77617.39,0.5
3,799,Culvert,Unknown,108847.2,0.1
3,804,Culvert,Unknown,108847.2,0.1
3,818,Culvert,Unknown,108847.2,0.1
3,824,Falls,Blocked,455041.93,0.1
3,855,Culvert,Unknown,108847.2,0.1
3,866,Bridge,Unknown,370171,0.1
3,866,Bridge,Unknown,370171,0.1
3,866,Bridge,Unknown,370171,0.1
3,866,TideGate,UnkAnad,77617.39,0.5
3,875,Culvert,Blocked,108847.2,0.1
3,877,Culvert,Unknown,108847.2,0.1
3,878,Culvert,Unknown,108847.2,0.1
3,880,Culvert,Partial,108847.2,0.5
3,882,Falls,UnkAnad,455041.93,0.5
3,882,Falls,Blocked,455041.93,0.1
3,883,TideGate,UnkAnad,77617.39,0.5
3,894,Culvert,Unknown,108847.2,0.1
3,898,Culvert,Unknown,108847.2,0.1
3,1191,Culvert,Unknown,108847.2,0.1
3,1224,Culvert,Unknown,108847.2,0.1
3,1272,Culvert,Unknown,108847.2,0.1
3,1289,Culvert,Unknown,108847.2,0.1
3,1313,Culvert,Unknown,108847.2,0.1
3,1318,Culvert,UnkAnad,108847.2,0.1
3,1318,Culvert,Passable,108847.2,1
3,1327,Culvert,Unknown,108847.2,0.1
3,1347,Culvert,Unknown,108847.2,0.1
3,1352,Culvert,Unknown,108847.2,0.1
3,1362,Bridge,Unknown,370171,0.1
3,1362,Bridge,Unknown,370171,0.1
3,1362,TideGate,UnkAnad,77617.39,0.5
3,1385,Culvert,Unknown,108847.2,0.1
3,1392,Culvert,Blocked,108847.2,0.1
3,1396,Culvert,Unknown,108847.2,0.1
3,1400,Bridge,Unknown,370171,0.1
3,1401,Culvert,Unknown,108847.2,0.1
3,1463,Bridge,Unknown,370171,0.1
3,1465,Culvert,Unknown,108847.2,0.1
3,1467,Culvert,Unknown,108847.2,0.1
3,1512,Culvert,Passable,108847.2,1
3,1521,Culvert,Unknown,108847.2,0.1
3,1528,Culvert,Unknown,108847.2,0.1
3,1528,Culvert,Unknown,108847.2,0.1
3,1528,Culvert,Unknown,108847.2,0.1
3,1528,Culvert,Unknown,108847.2,0.1
3,1528,Culvert,Unknown,108847.2,0.1
3,1528,Culvert,Unknown,108847.2,0.1
3,1528,Culvert,Unknown,108847.2,0.1
3,1534,Culvert,Unknown,108847.2,0.1
3,1559,Culvert,Unknown,108847.2,0.1
3,1566,Bridge,Unknown,370171,0.1
3,1566,Culvert,Unknown,108847.2,0.1
3,1578,Culvert,Unknown,108847.2,0.1
3,1585,TideGate,UnkAnad,77617.39,0.5
3,1591,Culvert,Blocked,108847.2,0.1
3,1591,Culvert,Partial,108847.2,0.5
3,1626,Culvert,Unknown,108847.2,0.1
3,1635,Culvert,Blocked,108847.2,0.1
3,1689,Culvert,Unknown,108847.2,0.1
3,1803,TideGate,UnkAnad,77617.39,0.5
3,1822,Bridge,Unknown,370171,0.1
3,1826,Culvert,Unknown,108847.2,0.1
3,1864,TideGate,UnkAnad,77617.39,0.5
3,1971,Culvert,Unknown,108847.2,0.1
3,2207,Culvert,Unknown,108847.2,0.1
3,2253,TideGate,UnkAnad,77617.39,0.5
3,2274,Culvert,Unknown,108847.2,0.1
3,2276,TideGate,UnkAnad,77617.39,0.5
3,2293,Bridge,Unknown,370171,0.1
3,2307,Culvert,Unknown,108847.2,0.1
3,2315,TideGate,UnkAnad,77617.39,0.5
3,2321,Culvert,Unknown,108847.2,0.1
3,2331,Culvert,Unknown,108847.2,0.1
3,2406,Culvert,Blocked,108847.2,0.1
3,2427,Culvert,Partial,108847.2,0.5
3,2439,Falls,UnkAnad,455041.93,0.5
3,2440,Culvert,Unknown,108847.2,0.1
3,2448,TideGate,UnkAnad,77617.39,0.5
3,2514,Culvert,Unknown,108847.2,0.1
4,2619,Culvert,Unknown,108847.2,0.1
4,2619,Bridge,Unknown,370171,0.1
4,2619,Bridge,Unknown,370171,0.1
4,2619,Culvert,Partial,108847.2,0.5
4,2619,Culvert,Blocked,108847.2,0.1
4,2659,TideGate,UnkAnad,77617.39,0.5
4,2663,Culvert,Unknown,108847.2,0.1
4,2663,Falls,UnkAnad,455041.93,0.5
4,2672,Culvert,Blocked,108847.2,0.1
4,2680,Culvert,Partial,108847.2,0.5
4,2680,Culvert,Passable,108847.2,1
4,2688,Culvert,Unknown,108847.2,0.1
4,2688,Culvert,Passable,108847.2,1
4,2688,Culvert,Passable,108847.2,1
4,2712,Culvert,UnkAnad,108847.2,0.1
4,2714,Bridge,Unknown,370171,0.1
4,2730,Falls,Blocked,455041.93,0.1
4,2757,Culvert,UnkAnad,108847.2,0.1
4,2760,Bridge,Unknown,370171,0.1
4,2760,TideGate,UnkAnad,77617.39,0.5
4,2766,Culvert,Passable,108847.2,1
4,2766,Culvert,Blocked,108847.2,0.1
4,2769,TideGate,UnkAnad,77617.39,0.5
4,2771,Falls,Blocked,455041.93,0.1
4,2788,Culvert,Partial,108847.2,0.5
4,2875,TideGate,UnkAnad,77617.39,0.5
4,2918,Dam,Blocked,487195.2,0.1
4,2975,Culvert,Blocked,108847.2,0.1
4,2976,Culvert,Passable,108847.2,1
4,2993,WeirSill,Partial,0,0.5
4,3006,Culvert,Passable,108847.2,1
4,3006,Culvert,Passable,108847.2,1
4,3019,Culvert,UnkAnad,108847.2,0.1
4,3028,Falls,Unknown,455041.93,0.5
4,3028,Culvert,Passable,108847.2,1
4,3056,Falls,Unknown,455041.93,0.5
4,3056,Culvert,Blocked,108847.2,0.1
4,3056,Culvert,Blocked,108847.2,0.1
4,3085,TideGate,UnkAnad,77617.39,0.5
4,3089,Dam,Unknown,487195.2,0.1
4,3111,Falls,Unknown,455041.93,0.5
4,3144,Culvert,Blocked,108847.2,0.1
4,3182,Culvert,Unknown,108847.2,0.1
4,3195,Culvert,Blocked,108847.2,0.1
4,3204,Culvert,Unknown,108847.2,0.1
4,3204,Culvert,Unknown,108847.2,0.1
4,3204,Culvert,Blocked,108847.2,0.1
4,3204,Culvert,Blocked,108847.2,0.1
4,3206,TideGate,UnkAnad,77617.39,0.5
4,3227,Falls,Blocked,455041.93,0.1
4,3376,Falls,Unknown,455041.93,0.5
4,3454,Culvert,Partial,108847.2,0.5
4,3526,Falls,Unknown,455041.93,0.5
4,3551,Culvert,Unknown,108847.2,0.1
4,3567,Culvert,Passable,108847.2,1
4,3609,Culvert,UnkAnad,108847.2,0.1
4,3635,Culvert,Unknown,108847.2,0.1
4,3657,Culvert,Blocked,108847.2,0.1
4,3663,TideGate,UnkAnad,77617.39,0.5
4,3667,TideGate,UnkAnad,77617.39,0.5
4,3712,Culvert,Blocked,108847.2,0.1
4,3783,Culvert,UnkAnad,108847.2,0.1
4,3784,TideGate,UnkAnad,77617.39,0.5
4,3819,Bridge,Unknown,370171,0.1
4,4281,Culvert,Passable,108847.2,1
4,4378,Culvert,Unknown,108847.2,0.1
4,4384,CascadeGradientVelocity,UnkAnad,455041.93,0.1
4,4418,Culvert,Partial,108847.2,0.5
4,4421,Culvert,Partial,108847.2,0.5
4,4421,Culvert,Partial,108847.2,0.5
4,4462,Bridge,Unknown,370171,0.1
4,4467,Culvert,Passable,108847.2,1
4,4469,Culvert,Unknown,108847.2,0.1
4,4472,Culvert,Passable,108847.2,1
4,4501,Culvert,Unknown,108847.2,0.1
4,4503,Bridge,Unknown,370171,0.1
4,4537,Culvert,Unknown,108847.2,0.1
4,4537,Culvert,Unknown,108847.2,0.1
4,4645,TideGate,UnkAnad,77617.39,0.5
4,4718,Culvert,Unknown,108847.2,0.1
4,4796,Culvert,Blocked,108847.2,0.1
4,4867,Culvert,Unknown,108847.2,0.1
4,4910,Culvert,Unknown,108847.2,0.1
4,4910,Culvert,Unknown,108847.2,0.1
4,5067,Falls,Blocked,455041.93,0.1
4,5103,Falls,Blocked,455041.93,0.1
4,5274,TideGate,UnkAnad,77617.39,0.5
4,5278,Culvert,Unknown,108847.2,0.1
4,5707,Falls,Unknown,455041.93,0.5
4,5803,Culvert,Partial,108847.2,0.5
4,5809,Culvert,Unknown,108847.2,0.1
4,5809,Culvert,Unknown,108847.2,0.1
4,5858,Bridge,Unknown,370171,0.1
4,5869,Culvert,Blocked,108847.2,0.1
4,5897,Dam,UnkAnad,487195.2,0.1
4,5909,Bridge,Unknown,370171,0.1
4,5996,Bridge,Unknown,370171,0.1
4,6004,TideGate,UnkAnad,77617.39,0.5
4,6115,Culvert,Unknown,108847.2,0.1
4,6234,TideGate,UnkAnad,77617.39,0.5
4,6335,Culvert,Passable,108847.2,1
4,6467,Culvert,Unknown,108847.2,0.1
4,6787,Bridge,Unknown,370171,0.1
4,6820,TideGate,UnkAnad,77617.39,0.5
4,7039,Culvert,Unknown,108847.2,0.1
4,7101,Culvert,Blocked,108847.2,0.1
4,7147,Falls,UnkAnad,455041.93,0.5
4,7281,Culvert,Unknown,108847.2,0.1
4,7285,Culvert,Passable,108847.2,1
4,7397,Culvert,Passable,108847.2,1
4,7499,Culvert,Partial,108847.2,0.5
4,7578,Culvert,Passable,108847.2,1
4,7587,Bridge,Unknown,370171,0.1
4,7587,TideGate,UnkAnad,77617.39,0.5
4,7647,Culvert,Unknown,108847.2,0.1
4,7759,Culvert,Passable,108847.2,1
4,7769,Culvert,Unknown,108847.2,0.1
4,7936,Bridge,Unknown,370171,0.1
4,7946,CascadeGradientVelocity,Partial,455041.93,0.5
4,7997,Falls,Blocked,455041.93,0.1
4,8136,Falls,Blocked,455041.93,0.1
4,8167,Culvert,Passable,108847.2,1
4,8202,TideGate,UnkAnad,77617.39,0.5
4,8350,Culvert,Partial,108847.2,0.5
4,8455,Culvert,Passable,108847.2,1
4,8505,Falls,UnkAnad,455041.93,0.5
5,8645,Culvert,Partial,108847.2,0.5
5,8866,Culvert,Passable,108847.2,1
5,8919,Bridge,Unknown,370171,0.1
5,8941,Culvert,Unknown,108847.2,0.1
5,8959,Culvert,UnkAnad,108847.2,0.1
5,8959,Culvert,UnkAnad,108847.2,0.1
5,8959,Culvert,Partial,108847.2,0.5
5,8959,CascadeGradientVelocity,Blocked,455041.93,0.1
5,8980,Culvert,Passable,108847.2,1
5,9049,Falls,Blocked,455041.93,0.1
5,9058,Culvert,Passable,108847.2,1
5,9098,TideGate,UnkAnad,77617.39,0.5
5,9148,Culvert,Blocked,108847.2,0.1
5,9199,Culvert,Blocked,108847.2,0.1
5,9333,Culvert,Unknown,108847.2,0.1
5,9652,Culvert,Unknown,108847.2,0.1
5,9661,TideGate,UnkAnad,77617.39,0.5
5,10189,TideGate,UnkAnad,77617.39,0.5
5,11024,Culvert,Unknown,108847.2,0.1
5,11024,Culvert,Unknown,108847.2,0.1
5,11024,Culvert,Unknown,108847.2,0.1
5,11024,Culvert,Unknown,108847.2,0.1
5,11338,Culvert,Blocked,108847.2,0.1
5,11381,Culvert,Unknown,108847.2,0.1
5,11381,Culvert,Blocked,108847.2,0.1
5,11381,Falls,Blocked,455041.93,0.1
5,11441,Culvert,Blocked,108847.2,0.1
5,11468,Bridge,Unknown,370171,0.1
5,11481,Culvert,Unknown,108847.2,0.1
5,11520,Culvert,Unknown,108847.2,0.1
5,11520,Culvert,Blocked,108847.2,0.1
5,11623,Culvert,Passable,108847.2,1
5,11626,Culvert,Blocked,108847.2,0.1
5,11756,Culvert,Passable,108847.2,1
5,12900,Culvert,Blocked,108847.2,0.1
5,13030,Culvert,Unknown,108847.2,0.1
5,13030,Culvert,Passable,108847.2,1
5,13048,Culvert,Unknown,108847.2,0.1
5,13070,Falls,Unknown,455041.93,0.5
5,13124,Culvert,Passable,108847.2,1
5,13124,Culvert,Passable,108847.2,1
5,13382,Bridge,Unknown,370171,0.1
5,13623,Culvert,Blocked,108847.2,0.1
5,14143,Culvert,Blocked,108847.2,0.1
5,14277,Culvert,Unknown,108847.2,0.1
5,14505,Falls,Blocked,455041.93,0.1
5,14884,Culvert,Passable,108847.2,1
6,15249,Culvert,Blocked,108847.2,0.1
6,15693,Culvert,Unknown,108847.2,0.1
6,16478,Culvert,Blocked,108847.2,0.1
6,16781,Culvert,Unknown,108847.2,0.1
6,17066,Culvert,Passable,108847.2,1
6,17400,Culvert,Passable,108847.2,1
6,17479,Culvert,Partial,108847.2,0.5
6,17989,Culvert,Blocked,108847.2,0.1
6,18010,Culvert,Unknown,108847.2,0.1
7,18894,Falls,Blocked,455041.93,0.1
