StrmLev,stream_ID,fpbFtrID,fpbLong,fpbLat,fpbFtrTy,fpbFPasSta,cost,pass_score
2,1,39872,-124.336553,43.135362,TideGate,UnkAnad,77617.39,0.5
1,2,12331,-124.0784029,42.89853592,Dam,UnkAnad,487195.2,0.1
1,2,32929,-124.198189,43.174039,Bridge,Unknown,370171,0.1
1,2,33243,-124.082519,42.897214,Bridge,Unknown,370171,0.1
1,2,33309,-124.072956,42.884394,Bridge,Unknown,370171,0.1
1,2,33922,-124.150589,43.008331,Bridge,Unknown,370171,0.1
1,2,34138,-124.395461,43.146981,Bridge,Unknown,370171,0.1
1,2,35527,-124.106911,42.955869,Bridge,Unknown,370171,0.1
1,2,35799,-124.147511,43.065769,Bridge,Unknown,370171,0.1
1,2,38596,-124.0653271,42.87571852,Bridge,Unknown,370171,0.1
1,2,8661,-124.0220207,42.71712037,Falls,Blocked,455041.93,0.1
1,2,24346,-123.9787385,42.76312265,Culvert,Blocked,108847.2,0.1
1,2,12334,-124.0786409,42.88353946,Falls,Blocked,455041.93,0.1
1,2,30099,-123.9585905,42.7711801,Culvert,Partial,108847.2,0.5
2,3,9927,-123.8876043,43.2967014,Falls,UnkAnad,455041.93,0.5
2,3,9928,-124.03644,43.25910008,Falls,UnkAnad,455041.93,0.5
2,3,27868,-123.9242641,43.32591808,Falls,UnkAnad,455041.93,0.5
2,3,33020,-124.079331,43.162339,Bridge,Unknown,370171,0.1
2,3,33051,-124.137889,43.078442,Bridge,Unknown,370171,0.1
2,3,34401,-124.070739,43.210069,Bridge,Unknown,370171,0.1
2,3,34986,-124.021806,43.290606,Bridge,Unknown,370171,0.1
2,3,35496,-124.10615,43.136128,Bridge,Unknown,370171,0.1
2,3,36423,-124.107281,43.071389,Bridge,Unknown,370171,0.1
2,3,3895,-124.0576859,43.2381571,Culvert,Partial,108847.2,0.5
2,3,7915,-123.9826473,43.32616873,Falls,Partial,455041.93,0.5
2,3,8673,-124.0364013,43.25933625,Falls,Partial,455041.93,0.5
2,3,5595,-124.0269459,43.25678351,Falls,Partial,455041.93,0.5
2,3,27869,-123.8745335,43.29554534,Falls,Blocked,455041.93,0.1
2,5,38596,-124.0653271,42.87571852,Bridge,Unknown,370171,0.1
2,5,5139,-124.0650818,42.8759716,Falls,Blocked,455041.93,0.1
2,6,18356,-123.6830775,43.07324528,Dam,Unknown,487195.2,0.1
2,6,6713,-123.7444038,42.97582304,Falls,Unknown,455041.93,0.5
2,6,6714,-123.7351657,42.98507146,Falls,Unknown,455041.93,0.5
2,6,29442,-123.7404761,42.97885345,Falls,Unknown,455041.93,0.5
2,6,32913,-123.704317,43.008422,Bridge,Unknown,370171,0.1
2,6,34438,-124.114269,43.032931,Bridge,Unknown,370171,0.1
2,6,34443,-124.08215,43.024689,Bridge,Unknown,370171,0.1
2,6,34444,-124.081139,43.026719,Bridge,Unknown,370171,0.1
2,6,34458,-124.00775,43.021731,Bridge,Unknown,370171,0.1
2,6,34459,-124.0156,43.025881,Bridge,Unknown,370171,0.1
2,6,34495,-123.872669,42.988119,Bridge,Unknown,370171,0.1
2,6,34496,-123.869631,42.986161,Bridge,Unknown,370171,0.1
2,6,34504,-123.854731,42.962281,Bridge,Unknown,370171,0.1
2,6,34505,-123.846689,42.9627,Bridge,Unknown,370171,0.1
2,6,34517,-123.769792,42.966214,Bridge,Unknown,370171,0.1
2,6,34518,-123.753031,42.972539,Bridge,Unknown,370171,0.1
2,6,35009,-124.040203,43.034744,Bridge,Unknown,370171,0.1
2,6,35539,-123.728431,42.993261,Bridge,Unknown,370171,0.1
2,6,35540,-123.72485,42.994819,Bridge,Unknown,370171,0.1
2,6,35541,-123.717631,42.9987,Bridge,Unknown,370171,0.1
2,6,35542,-123.7172,43.000131,Bridge,Unknown,370171,0.1
2,6,35562,-123.70785,43.0055,Bridge,Unknown,370171,0.1
2,6,35563,-123.70615,43.007239,Bridge,Unknown,370171,0.1
2,6,36320,-123.68735,43.042428,Bridge,Unknown,370171,0.1
2,6,36321,-123.690372,43.031386,Bridge,Unknown,370171,0.1
2,6,36328,-123.689092,43.069047,Bridge,Unknown,370171,0.1
2,6,36349,-123.691169,43.060539,Bridge,Unknown,370171,0.1
2,6,40361,-123.720139,42.996639,Bridge,Unknown,370171,0.1
2,6,40362,-123.722081,42.995619,Bridge,Unknown,370171,0.1
2,6,1882,-123.7414145,42.97772779,Bridge,Passable,370171,1
2,6,12257,-123.7632757,42.97022219,Falls,Partial,455041.93,0.5
2,8,39895,-124.365289,43.15674899,TideGate,UnkAnad,77617.39,0.5
2,10,10147,-124.0963477,42.95021442,Culvert,Passable,108847.2,1
2,10,5187,-124.0967997,42.95016434,Falls,Blocked,455041.93,0.1
2,11,15624,-124.173826,43.134979,Culvert,UnkAnad,108847.2,0.1
2,11,3637,-124.1723754,43.13679488,Culvert,Passable,108847.2,1
2,13,30039,-123.9086904,42.78726809,Culvert,Partial,108847.2,0.5
2,15,4923,-124.1391005,42.99559826,Culvert,Partial,108847.2,0.5
2,17,7968,-124.1049842,42.754549,Falls,UnkAnad,455041.93,0.5
2,17,10715,-124.1206093,42.76953969,CascadeGradientVelocity,UnkAnad,455041.93,0.1
2,17,5194,-124.1413692,42.77173393,Falls,Blocked,455041.93,0.1
2,19,5500,-124.1294377,43.02145699,Culvert,Passable,108847.2,1
2,20,4988,-124.1713872,43.05646846,Dam,UnkAnad,487195.2,0.1
2,20,6056,-124.1680347,43.05494857,Dam,UnkAnad,487195.2,0.1
2,20,5497,-124.155745,43.05629519,Culvert,Passable,108847.2,1
2,20,5503,-124.1612392,43.05292183,Culvert,Passable,108847.2,1
2,21,14371,-124.181435,43.162981,Culvert,Unknown,108847.2,0.1
2,23,5601,-123.9819752,42.83584527,CascadeGradientVelocity,Unknown,455041.93,0.1
2,23,7971,-123.9976565,42.83105483,Falls,UnkAnad,455041.93,0.5
2,23,27858,-123.9702257,42.8442054,Falls,Unknown,455041.93,0.5
2,23,27859,-123.9698192,42.84431064,Falls,Blocked,455041.93,0.1
2,23,27860,-123.9667252,42.8449723,Falls,Blocked,455041.93,0.1
2,23,30209,-124.0131299,42.82359492,Culvert,Partial,108847.2,0.5
2,23,30210,-124.0131299,42.82359492,Culvert,Partial,108847.2,0.5
2,25,15637,-124.260403,43.180689,Culvert,Unknown,108847.2,0.1
2,25,36017,-124.257878,43.181425,Culvert,Unknown,108847.2,0.1
2,28,9042,-124.1128888,42.96975618,Culvert,Partial,108847.2,0.5
2,32,3758,-124.0477553,42.86045179,Culvert,Partial,108847.2,0.5
2,33,9902,-124.366926,43.17767712,Culvert,Unknown,108847.2,0.1
2,33,3757,-124.3867385,43.16227158,Culvert,Partial,108847.2,0.5
2,33,8859,-124.3875195,43.1626392,Culvert,Passable,108847.2,1
2,33,10142,-124.3705047,43.17847147,Culvert,Passable,108847.2,1
2,34,35006,-124.1474,43.054,Bridge,Unknown,370171,0.1
2,34,5502,-124.1316196,43.05611918,Culvert,Passable,108847.2,1
2,35,24892,-124.0319124,42.83304131,Culvert,Blocked,108847.2,0.1
2,36,35018,-124.195453,43.082631,Bridge,Unknown,370171,0.1
2,36,35019,-124.2176,43.0755,Bridge,Unknown,370171,0.1
2,36,35023,-124.198275,43.086086,Bridge,Unknown,370171,0.1
2,36,35597,-124.22435,43.078769,Bridge,Unknown,370171,0.1
2,36,9749,-124.1905052,43.09858342,Culvert,Passable,108847.2,1
2,38,36810,-124.259325,43.215611,Bridge,Unknown,370171,0.1
2,38,39881,-124.263903,43.20813799,TideGate,UnkAnad,77617.39,0.5
2,42,34980,-124.153753,43.052422,Bridge,Unknown,370171,0.1
2,42,34981,-124.157083,43.040997,Bridge,Unknown,370171,0.1
2,42,34982,-124.200119,43.022225,Bridge,Unknown,370171,0.1
2,42,34983,-124.2197,42.9955,Bridge,Unknown,370171,0.1
2,43,18331,-124.0792899,42.89364993,Dam,Unknown,487195.2,0.1
2,45,3971,-124.2100152,42.94181578,Falls,UnkAnad,455041.93,0.5
2,45,35011,-124.164628,42.977844,Bridge,Unknown,370171,0.1
2,48,33028,-124.349411,43.132533,Bridge,Unknown,370171,0.1
2,48,34979,-124.3472,43.1345,Bridge,Unknown,370171,0.1
2,48,35691,-124.348919,43.125189,Bridge,Unknown,370171,0.1
2,49,30099,-123.9585905,42.7711801,Culvert,Partial,108847.2,0.5
2,55,30085,-124.0189962,42.78803464,Culvert,Partial,108847.2,0.5
2,98,33309,-124.072956,42.884394,Bridge,Unknown,370171,0.1
2,116,39896,-124.350386,43.16117699,TideGate,UnkAnad,77617.39,0.5
2,121,5191,-123.9111553,42.85188866,CascadeGradientVelocity,Unknown,455041.93,0.1
2,121,5190,-123.9250083,42.82749146,Falls,Blocked,455041.93,0.1
2,122,3579,-124.1596773,43.16106064,Culvert,Partial,108847.2,0.5
2,122,18239,-124.1386795,43.17612075,Dam,Blocked,487195.2,0.1
2,122,3578,-124.1775288,43.15863803,Culvert,Partial,108847.2,0.5
2,123,33052,-124.230678,43.173314,Bridge,Unknown,370171,0.1
2,123,39894,-124.228967,43.176519,TideGate,UnkAnad,77617.39,0.5
2,123,3639,-124.234575,43.16264388,Culvert,Passable,108847.2,1
2,124,4990,-124.0628479,42.86341256,Culvert,UnkAnad,108847.2,0.1
2,125,14928,-124.279923,43.15173,Culvert,Unknown,108847.2,0.1
2,128,40059,-124.136889,43.0138,Culvert,Unknown,108847.2,0.1
2,128,5499,-124.1368305,43.01388262,Culvert,Passable,108847.2,1
2,128,3974,-124.1044321,43.00054639,Falls,Blocked,455041.93,0.1
2,131,5192,-123.9901222,42.74956525,Falls,Unknown,455041.93,0.5
2,132,9039,-124.1341678,43.03290136,Culvert,Blocked,108847.2,0.1
2,133,10571,-124.1562501,43.11440439,Culvert,Passable,108847.2,1
2,135,9876,-124.1634794,42.99544196,Culvert,Passable,108847.2,1
2,136,33088,-124.201097,43.117817,Bridge,Unknown,370171,0.1
2,136,35841,-124.197611,43.119739,Bridge,Unknown,370171,0.1
2,136,36811,-124.216861,43.1158,Bridge,Unknown,370171,0.1
2,137,18976,-124.3897059,43.13823081,Dam,Unknown,487195.2,0.1
2,139,3973,-124.0675868,42.90240974,Falls,UnkAnad,455041.93,0.5
2,139,35017,-124.075922,42.899456,Bridge,Unknown,370171,0.1
2,139,44826,-124.0644469,42.90472678,CascadeGradientVelocity,Partial,455041.93,0.5
2,142,10143,-124.3173041,43.13244066,Culvert,Passable,108847.2,1
2,143,16189,-124.397991,43.132959,Culvert,Unknown,108847.2,0.1
2,144,38690,-124.099747,42.940189,Bridge,Unknown,370171,0.1
2,144,32739,-124.0996907,42.94021522,WeirSill,Partial,0,0.5
2,147,27553,-124.2730397,43.0677812,Culvert,UnkAnad,108847.2,0.1
2,147,33575,-124.29065,43.116158,Bridge,Unknown,370171,0.1
2,147,38514,-124.278144,43.101289,Bridge,Unknown,370171,0.1
2,147,27552,-124.2720909,43.08426072,Culvert,Partial,108847.2,0.5
2,152,8028,-124.0724554,42.77997935,Falls,Blocked,455041.93,0.1
2,152,30047,-124.0687956,42.77959762,Culvert,Blocked,108847.2,0.1
2,155,7628,-124.2985438,43.14558565,Culvert,Unknown,108847.2,0.1
2,161,39891,-124.260007,43.19576699,TideGate,UnkAnad,77617.39,0.5
2,161,39893,-124.249925,43.202725,TideGate,UnkAnad,77617.39,0.5
2,161,15938,-124.236044,43.200936,Culvert,UnkAnad,108847.2,0.1
2,164,30081,-124.0251279,42.78507727,Culvert,Blocked,108847.2,0.1
2,164,44885,-124.0300079,42.76857199,Falls,Blocked,455041.93,0.1
2,167,24266,-124.1451005,42.87899092,Culvert,Partial,108847.2,0.5
2,167,6648,-124.1124979,42.90485113,Culvert,Partial,108847.2,0.5
2,173,35620,-124.20115,43.180419,Bridge,Unknown,370171,0.1
2,173,36173,-124.181281,43.194261,Bridge,Unknown,370171,0.1
2,173,8434,-124.1510452,43.20831172,Culvert,UnkAnad,108847.2,0.1
2,173,3640,-124.188487,43.18683919,Culvert,Passable,108847.2,1
2,173,9864,-124.1401829,43.2406975,Falls,Blocked,455041.93,0.1
2,177,3975,-124.1655297,43.01077599,Culvert,Blocked,108847.2,0.1
2,180,4806,-124.0911889,42.69243831,Falls,Unknown,455041.93,0.5
2,180,5197,-124.0972563,42.69255902,Falls,Unknown,455041.93,0.5
2,180,9866,-124.0938593,42.69104637,Falls,Unknown,455041.93,0.5
2,180,9867,-124.0862328,42.69223892,Falls,UnkAnad,455041.93,0.5
2,180,5198,-124.0840594,42.6930467,Falls,Blocked,455041.93,0.1
2,180,44827,-124.0445026,42.71810094,CascadeGradientVelocity,Partial,455041.93,0.5
2,181,19085,-124.3807411,43.11425912,Dam,Unknown,487195.2,0.1
2,181,27554,-124.3981403,43.11709001,Culvert,UnkAnad,108847.2,0.1
2,181,33098,-124.407147,43.119086,Bridge,Unknown,370171,0.1
2,181,35695,-124.407147,43.119086,Bridge,Unknown,370171,0.1
2,181,35991,-124.408911,43.120031,Bridge,Unknown,370171,0.1
2,182,10146,-124.3308897,43.13739275,Culvert,Passable,108847.2,1
2,183,3759,-124.0439218,42.85003729,Culvert,Partial,108847.2,0.5
2,184,39874,-124.291106,43.12418099,TideGate,UnkAnad,77617.39,0.5
2,190,15820,-124.09815,42.936543,Culvert,Unknown,108847.2,0.1
2,191,30086,-123.9965213,42.78453037,Culvert,Partial,108847.2,0.5
2,191,30093,-124.0164302,42.79032904,Culvert,Partial,108847.2,0.5
2,193,4483,-124.0550267,42.85817635,CascadeGradientVelocity,UnkAnad,455041.93,0.1
2,194,3979,-124.2961803,43.15444793,TideGate,UnkAnad,77617.39,0.5
2,195,39878,-124.279943,43.19742599,TideGate,UnkAnad,77617.39,0.5
2,201,39877,-124.318611,43.129806,TideGate,UnkAnad,77617.39,0.5
2,203,24548,-124.0204414,42.78699071,Culvert,Blocked,108847.2,0.1
2,203,5195,-124.0183674,42.78544342,Falls,Blocked,455041.93,0.1
2,205,7972,-124.012641,42.81656845,Falls,Blocked,455041.93,0.1
2,205,30073,-123.983304,42.79597393,Culvert,Partial,108847.2,0.5
2,206,30064,-123.9514176,42.77542745,Culvert,Partial,108847.2,0.5
2,207,24793,-123.9813385,42.76163949,Culvert,Blocked,108847.2,0.1
2,208,4499,-124.1500865,43.09678937,Culvert,UnkAnad,108847.2,0.1
2,215,30088,-123.9532454,42.7736846,Culvert,Partial,108847.2,0.5
2,217,9411,-124.3222287,43.1220048,Culvert,Passable,108847.2,1
2,221,7969,-124.060463,42.75826458,Falls,Blocked,455041.93,0.1
2,221,30078,-124.0638345,42.75626052,Culvert,Partial,108847.2,0.5
2,222,10145,-124.2865086,43.14034816,Culvert,Passable,108847.2,1
2,224,24542,-124.011238,42.70106073,Culvert,Partial,108847.2,0.5
2,224,30056,-124.0191581,42.70588251,Culvert,Partial,108847.2,0.5
2,224,30058,-124.0191581,42.70588251,Culvert,Blocked,108847.2,0.1
2,225,24346,-123.9787385,42.76312265,Culvert,Blocked,108847.2,0.1
2,228,6649,-124.0188891,42.7152302,Falls,Blocked,455041.93,0.1
2,228,30112,-124.0078538,42.71538027,Culvert,Blocked,108847.2,0.1
2,231,5005,-124.1003777,42.93394402,Culvert,Unknown,108847.2,0.1
2,231,7973,-124.0942368,42.93366598,Falls,Unknown,455041.93,0.5
2,231,3872,-124.1004734,42.93397013,Culvert,UnkAnad,108847.2,0.1
2,238,30095,-124.0073855,42.73799002,Culvert,Partial,108847.2,0.5
2,247,39909,-124.287029,43.15398799,TideGate,UnkAnad,77617.39,0.5
2,265,17263,-124.18222,43.164734,Culvert,Unknown,108847.2,0.1
2,268,8057,-124.3314023,43.12883435,Culvert,UnkAnad,108847.2,0.1
2,268,39872,-124.336553,43.135362,TideGate,UnkAnad,77617.39,0.5
2,277,7553,-124.3700218,43.1606928,Culvert,Unknown,108847.2,0.1
2,277,12252,-124.3680021,43.15758151,TideGate,Unknown,77617.39,0.5
2,277,5451,-124.3610712,43.17147171,Dam,Unknown,487195.2,0.1
2,291,27539,-124.045426,42.83972997,Culvert,UnkAnad,108847.2,0.1
2,291,27540,-124.0464869,42.83899042,Culvert,UnkAnad,108847.2,0.1
2,299,33922,-124.150589,43.008331,Bridge,Unknown,370171,0.1
2,299,5498,-124.1566174,43.00427029,Culvert,Passable,108847.2,1
2,308,14176,-124.098121,42.937529,Culvert,Unknown,108847.2,0.1
2,317,12331,-124.0784029,42.89853592,Dam,UnkAnad,487195.2,0.1
2,319,12334,-124.0786409,42.88353946,Falls,Blocked,455041.93,0.1
2,327,39872,-124.336553,43.135362,TideGate,UnkAnad,77617.39,0.5
2,345,39875,-124.315044,43.110464,TideGate,UnkAnad,77617.39,0.5
2,368,39876,-124.292324,43.121491,TideGate,UnkAnad,77617.39,0.5
2,368,24251,-124.2853146,43.12128946,TideGate,Blocked,77617.39,0.1
2,381,39873,-124.318344,43.125479,TideGate,UnkAnad,77617.39,0.5
3,400,33141,-124.192356,43.185761,Bridge,Unknown,370171,0.1
3,401,6715,-123.7328302,42.91919098,Falls,Unknown,455041.93,0.5
3,401,27875,-123.7304538,42.91971853,Falls,Unknown,455041.93,0.5
3,401,27876,-123.7380769,42.91565506,Falls,Unknown,455041.93,0.5
3,401,27877,-123.7381454,42.91555988,Falls,Unknown,455041.93,0.5
3,401,27878,-123.7436808,42.91453411,Falls,Unknown,455041.93,0.5
3,401,27881,-123.7479929,42.91256507,CascadeGradientVelocity,Unknown,455041.93,0.1
3,401,1351,-123.7209658,42.94159937,Bridge,Passable,370171,1
3,401,1352,-123.7178309,42.94636654,Bridge,Passable,370171,1
3,401,1363,-123.7253054,42.92426252,Bridge,Passable,370171,1
3,411,3969,-123.7990607,42.93282535,Falls,Unknown,455041.93,0.5
3,411,12256,-123.8076035,42.96181363,Falls,UnkAnad,455041.93,0.5
3,411,27811,-123.7970841,42.936364,Falls,UnkAnad,455041.93,0.5
3,411,27812,-123.8052676,42.9240451,Falls,Unknown,455041.93,0.5
3,411,27813,-123.8041246,42.91941046,Falls,Blocked,455041.93,0.1
3,412,27526,-124.0080962,43.01914435,Culvert,Passable,108847.2,1
3,414,7185,-124.0851549,43.11152851,Culvert,Passable,108847.2,1
3,415,34496,-123.869631,42.986161,Bridge,Unknown,370171,0.1
3,416,3571,-123.6903111,43.08460951,Culvert,Unknown,108847.2,0.1
3,416,1187,-123.697956,43.09159074,Culvert,Passable,108847.2,1
3,417,3970,-123.8401299,43.01012263,Falls,Unknown,455041.93,0.5
3,417,6716,-123.8449895,43.00256161,Falls,UnkAnad,455041.93,0.5
3,417,36449,-123.868581,42.988561,Bridge,Unknown,370171,0.1
3,419,4028,-124.0188088,42.9640066,Falls,UnkAnad,455041.93,0.5
3,419,27846,-124.0131478,42.97397638,Falls,UnkAnad,455041.93,0.5
3,419,27849,-123.9869572,42.88374973,Falls,Unknown,455041.93,0.5
3,419,27850,-123.9485089,42.88332217,Falls,Unknown,455041.93,0.5
3,419,27851,-123.9483859,42.88334322,Falls,Unknown,455041.93,0.5
3,419,34992,-124.020711,42.966814,Bridge,Unknown,370171,0.1
3,419,35571,-123.994536,43.004336,Bridge,Unknown,370171,0.1
3,419,35584,-124.00025,42.99465,Bridge,Unknown,370171,0.1
3,419,35585,-124.019419,42.971019,Bridge,Unknown,370171,0.1
3,419,35978,-123.994581,43.004331,Bridge,Unknown,370171,0.1
3,419,27523,-123.9675543,42.88178704,Culvert,Blocked,108847.2,0.1
3,419,3968,-124.0182894,42.96402548,Falls,Blocked,455041.93,0.1
3,419,27847,-124.0201872,42.96867316,Falls,Partial,455041.93,0.5
3,419,28136,-124.0025825,43.01368505,Dam,Partial,487195.2,0.5
3,423,45378,-124.1662,42.9774,Falls,Blocked,455041.93,0.1
3,425,8434,-124.1510452,43.20831172,Culvert,UnkAnad,108847.2,0.1
3,426,6396,-124.1074664,43.14292621,Culvert,UnkAnad,108847.2,0.1
3,427,3641,-124.2063474,43.22989417,Culvert,Passable,108847.2,1
3,431,27873,-123.8785237,43.25979538,Falls,UnkAnad,455041.93,0.5
3,431,34425,-124.024219,43.184269,Bridge,Unknown,370171,0.1
3,431,34535,-124.015819,43.176969,Bridge,Unknown,370171,0.1
3,431,29277,-123.8790125,43.25911388,Falls,UnkAnad,455041.93,0.5
3,431,7957,-124.0100883,43.21556173,Falls,Partial,455041.93,0.5
3,431,28140,-123.9808642,43.23334421,WeirSill,Passable,0,1
3,431,28142,-123.9197995,43.24807353,WeirSill,Partial,0,0.5
3,431,28144,-123.8986982,43.24853636,WeirSill,Partial,0,0.5
3,431,28145,-123.898489,43.24873711,WeirSill,Partial,0,0.5
3,431,28146,-123.8982695,43.24911568,WeirSill,Partial,0,0.5
3,431,29275,-123.8783876,43.2569965,Culvert,Blocked,108847.2,0.1
3,431,4829,-123.999179,43.22998334,Falls,Partial,455041.93,0.5
3,431,12401,-123.8889167,43.25360262,Falls,Partial,455041.93,0.5
3,431,27874,-123.8795826,43.26968399,Falls,Blocked,455041.93,0.1
3,431,29276,-123.8786143,43.25672379,Falls,Partial,455041.93,0.5
3,431,2712,-123.8921189,43.25230636,Culvert,Partial,108847.2,0.5
3,435,8032,-124.2237773,43.0274814,Falls,Blocked,455041.93,0.1
3,437,9038,-124.2487411,43.10454614,Culvert,Partial,108847.2,0.5
3,437,45419,-124.2586483,43.11993329,Falls,Blocked,455041.93,0.1
3,439,2695,-123.9071355,43.03768279,Culvert,Unknown,108847.2,0.1
3,439,5765,-123.9198457,43.01915466,Culvert,Blocked,108847.2,0.1
3,439,27512,-123.9077689,43.03499581,Culvert,Partial,108847.2,0.5
3,439,27513,-123.9061931,43.03944108,Culvert,Blocked,108847.2,0.1
3,439,29306,-123.9070542,43.03844816,Falls,Blocked,455041.93,0.1
3,441,29330,-123.8561566,43.05381201,Ford,UnkAnad,108847.2,0.5
3,441,4331,-123.8443342,43.08366522,Falls,Unknown,455041.93,0.5
3,441,27885,-123.8540788,43.07479986,Falls,UnkAnad,455041.93,0.5
3,441,32897,-123.892028,43.005983,Bridge,Unknown,370171,0.1
3,441,35010,-123.866214,43.032822,Bridge,Unknown,370171,0.1
3,441,35012,-123.8592775,43.04796869,Bridge,Unknown,370171,0.1
3,441,27883,-123.8610272,43.04747086,Falls,UnkAnad,455041.93,0.5
3,441,4989,-123.8532058,43.07878884,Falls,Blocked,455041.93,0.1
3,441,27833,-123.8263186,43.08405607,Falls,Blocked,455041.93,0.1
3,441,27834,-123.8255933,43.08430321,Falls,Blocked,455041.93,0.1
3,441,27884,-123.8543697,43.07443358,Falls,Blocked,455041.93,0.1
3,441,29447,-123.8533181,43.0785233,Dam,Partial,487195.2,0.5
3,442,9752,-124.2209138,43.11557235,Culvert,Passable,108847.2,1
3,443,14911,-123.728555,42.990989,Culvert,Unknown,108847.2,0.1
3,447,5015,-123.7959453,43.1444317,Culvert,Unknown,108847.2,0.1
3,447,8672,-123.8947717,43.14753559,CascadeGradientVelocity,UnkAnad,455041.93,0.1
3,447,27490,-123.7050443,43.1448079,Culvert,Unknown,108847.2,0.1
3,447,27866,-123.7648094,43.14543457,Falls,Unknown,455041.93,0.5
3,447,27867,-123.734828,43.1435238,Falls,Unknown,455041.93,0.5
3,447,34988,-123.955331,43.152192,Bridge,Unknown,370171,0.1
3,447,35021,-124.017406,43.1172,Bridge,Unknown,370171,0.1
3,447,35596,-123.866189,43.143139,Bridge,Unknown,370171,0.1
3,447,36138,-123.689961,43.1317,Bridge,Unknown,370171,0.1
3,447,36139,-123.693011,43.132589,Bridge,Unknown,370171,0.1
3,447,38545,-123.798558,43.145275,Bridge,Unknown,370171,0.1
3,447,38546,-123.763181,43.145122,Bridge,Unknown,370171,0.1
3,447,27544,-123.7084661,43.1450793,Culvert,Partial,108847.2,0.5
3,447,7260,-123.8176934,43.15231488,Falls,Blocked,455041.93,0.1
3,448,27548,-124.0993192,43.18883247,Culvert,UnkAnad,108847.2,0.1
3,448,9910,-124.0950435,43.18780989,Culvert,Partial,108847.2,0.5
3,448,27549,-124.1078056,43.19159795,Culvert,Partial,108847.2,0.5
3,450,14910,-123.869861,42.983009,Culvert,Unknown,108847.2,0.1
3,451,5193,-124.1278341,42.75540897,Falls,UnkAnad,455041.93,0.5
3,454,5474,-124.0973021,43.15272609,Culvert,Blocked,108847.2,0.1
3,454,32736,-124.0961386,43.15512572,Culvert,Partial,108847.2,0.5
3,455,19235,-123.723993,43.01464999,Dam,Unknown,487195.2,0.1
3,455,15803,-123.715994,43.001525,Culvert,Unknown,108847.2,0.1
3,455,1579,-123.7317989,43.03084731,Culvert,Blocked,108847.2,0.1
3,455,1581,-123.7348952,43.0361506,Culvert,Blocked,108847.2,0.1
3,455,3577,-123.7238876,43.01254444,Culvert,Partial,108847.2,0.5
3,455,27492,-123.725749,43.00780897,Culvert,Blocked,108847.2,0.1
3,459,23564,-123.9643262,43.06872356,Culvert,Blocked,108847.2,0.1
3,459,9055,-123.8994719,43.09862307,Falls,Partial,455041.93,0.5
3,461,9929,-123.988888,43.33239267,Falls,Blocked,455041.93,0.1
3,462,16909,-123.902871,43.009239,Culvert,Unknown,108847.2,0.1
3,463,1206,-123.6698901,43.07924855,Culvert,Blocked,108847.2,0.1
3,467,1186,-123.7017151,43.08380485,Culvert,Passable,108847.2,1
3,467,3574,-123.6915639,43.06931369,Culvert,Partial,108847.2,0.5
3,467,10136,-123.6964488,43.07346047,Culvert,Passable,108847.2,1
3,505,30052,-124.0094672,42.71440596,Culvert,Partial,108847.2,0.5
3,513,27503,-123.8495868,42.95859838,Culvert,UnkAnad,108847.2,0.1
3,513,28304,-123.8495868,42.95859838,Culvert,UnkAnad,108847.2,0.1
3,513,34505,-123.846689,42.9627,Bridge,Unknown,370171,0.1
3,525,4503,-124.0492361,43.24987939,Culvert,Partial,108847.2,0.5
3,532,16387,-124.028783,43.034871,Culvert,Passable,108847.2,1
3,532,27534,-124.0161317,43.05134141,Culvert,Partial,108847.2,0.5
3,533,5533,-124.0408077,43.26351429,Falls,Unknown,455041.93,0.5
3,533,2723,-124.038705,43.26452301,Culvert,UnkAnad,108847.2,0.1
3,533,7555,-124.0412392,43.25957123,Culvert,UnkAnad,108847.2,0.1
3,540,36345,-123.699553,43.031339,Bridge,Unknown,370171,0.1
3,540,7111,-123.7022264,43.0372982,Culvert,Partial,108847.2,0.5
3,545,15943,-123.670836,43.03763,Culvert,Unknown,108847.2,0.1
3,545,36353,-123.684419,43.031325,Bridge,Unknown,370171,0.1
3,548,15942,-123.784412,42.965596,Culvert,Unknown,108847.2,0.1
3,555,14372,-123.73599,42.984419,Culvert,Unknown,108847.2,0.1
3,568,40281,-124.069806,43.036925,Bridge,Unknown,370171,0.1
3,568,2694,-124.0703704,43.03749702,Culvert,UnkAnad,108847.2,0.1
3,568,6518,-124.0721086,43.0397912,Falls,Blocked,455041.93,0.1
3,572,27550,-124.1036166,42.84989004,Culvert,UnkAnad,108847.2,0.1
3,576,6934,-124.2229406,43.00770917,Dam,UnkAnad,487195.2,0.1
3,580,15625,-123.894662,43.006473,Culvert,Unknown,108847.2,0.1
3,587,9753,-124.1063451,43.14895549,Culvert,Passable,108847.2,1
3,600,35578,-124.075939,43.2164,Bridge,Unknown,370171,0.1
3,600,2711,-124.0775692,43.2499181,Culvert,UnkAnad,108847.2,0.1
3,601,2741,-123.975747,43.28652653,Culvert,UnkAnad,108847.2,0.1
3,601,2749,-123.9870839,43.27031071,Culvert,UnkAnad,108847.2,0.1
3,601,28138,-123.9785863,43.28428018,Culvert,Partial,108847.2,0.5
3,607,35013,-124.165417,42.957517,Bridge,Unknown,370171,0.1
3,608,27537,-124.0399714,43.03294545,Culvert,Partial,108847.2,0.5
3,610,18975,-124.1353741,43.16756095,Dam,Unknown,487195.2,0.1
3,635,44850,-124.065452,42.69893572,CascadeGradientVelocity,Partial,455041.93,0.5
3,637,1882,-123.7414145,42.97772779,Bridge,Passable,370171,1
3,639,35015,-124.226489,42.976514,Bridge,Unknown,370171,0.1
3,644,33053,-124.227078,43.173233,Bridge,Unknown,370171,0.1
3,644,3638,-124.2073421,43.14544981,Culvert,Passable,108847.2,1
3,647,7104,-123.9625659,43.0137747,Culvert,UnkAnad,108847.2,0.1
3,647,24788,-123.9385501,43.03863878,Culvert,Blocked,108847.2,0.1
3,647,29349,-123.9627211,43.01366052,Dam,Partial,487195.2,0.5
3,651,9040,-124.156914,43.11189271,Culvert,Partial,108847.2,0.5
3,653,12260,-124.3220824,43.03818982,Culvert,UnkAnad,108847.2,0.1
3,657,17266,-123.74138,42.979105,Culvert,Unknown,108847.2,0.1
3,660,4497,-124.1082005,43.1470997,Culvert,UnkAnad,108847.2,0.1
3,660,45404,-124.1141922,43.15108968,Falls,Blocked,455041.93,0.1
3,662,9750,-124.2121413,43.10572322,Culvert,Passable,108847.2,1
3,667,5501,-124.1679967,43.0355171,Culvert,Passable,108847.2,1
3,669,16388,-123.880073,43.000569,Culvert,Unknown,108847.2,0.1
3,671,32913,-123.704317,43.008422,Bridge,Unknown,370171,0.1
3,679,34972,-124.12595,43.088292,Bridge,Unknown,370171,0.1
3,680,8029,-124.1225174,42.73465524,Falls,Blocked,455041.93,0.1
3,686,24508,-123.8760775,42.86928523,Culvert,Partial,108847.2,0.5
3,688,3575,-123.69357,43.06092943,Culvert,Unknown,108847.2,0.1
3,688,7112,-123.7135625,43.05764238,Culvert,Partial,108847.2,0.5
3,708,4505,-124.0262662,43.28452568,Culvert,Blocked,108847.2,0.1
3,715,12403,-124.097778,43.18356388,Falls,UnkAnad,455041.93,0.5
3,715,9911,-124.0938896,43.18417866,Culvert,Passable,108847.2,1
3,811,12263,-124.0854021,43.02009933,Falls,UnkAnad,455041.93,0.5
3,819,27540,-124.0464869,42.83899042,Culvert,UnkAnad,108847.2,0.1
3,819,27541,-124.0482906,42.83834723,Culvert,UnkAnad,108847.2,0.1
3,834,15804,-123.700381,43.010015,Culvert,Unknown,108847.2,0.1
3,834,1303,-123.6844546,43.00226104,Culvert,Blocked,108847.2,0.1
3,834,1547,-123.6798071,42.99630595,Culvert,Blocked,108847.2,0.1
3,834,1549,-123.6754343,42.98951197,Culvert,Blocked,108847.2,0.1
3,838,3977,-124.0616793,43.07821402,Falls,UnkAnad,455041.93,0.5
3,838,27882,-124.0599932,43.07679735,Falls,UnkAnad,455041.93,0.5
3,838,34975,-124.070064,43.083953,Bridge,Unknown,370171,0.1
3,838,43276,-124.055,43.076,Culvert,Unknown,108847.2,0.1
3,838,6055,-124.0465592,43.07373216,Falls,Blocked,455041.93,0.1
3,838,43274,-124.0549,43.076,Culvert,Passable,108847.2,1
3,847,6408,-123.927708,43.02227647,Culvert,Unknown,108847.2,0.1
3,848,17264,-123.803804,42.964188,Culvert,Unknown,108847.2,0.1
3,860,1207,-123.6624284,43.07255275,Culvert,Blocked,108847.2,0.1
3,860,1208,-123.6630043,43.07271615,Culvert,Blocked,108847.2,0.1
3,866,4498,-124.2053199,43.01276523,Culvert,Blocked,108847.2,0.1
3,876,5504,-124.1590961,43.05922824,Culvert,Passable,108847.2,1
3,887,39898,-124.34234,43.139583,TideGate,UnkAnad,77617.39,0.5
3,892,14159,-123.990054,43.017972,Culvert,Unknown,108847.2,0.1
3,894,30057,-123.9778935,42.81010651,Culvert,Partial,108847.2,0.5
3,899,8437,-124.1595006,42.96534289,Culvert,Blocked,108847.2,0.1
3,904,16908,-123.973745,43.015727,Culvert,Unknown,108847.2,0.1
3,905,45400,-123.9461184,43.01174823,Culvert,UnkAnad,108847.2,0.1
3,914,15627,-123.814365,42.966422,Culvert,Unknown,108847.2,0.1
3,915,12261,-123.8844365,43.29814932,Falls,Unknown,455041.93,0.5
3,915,44742,-123.8840389,43.29905901,Falls,Blocked,455041.93,0.1
3,920,34504,-123.854731,42.962281,Bridge,Unknown,370171,0.1
3,924,24502,-124.1974741,42.94371061,Culvert,Blocked,108847.2,0.1
3,931,9747,-124.1820646,43.08904048,Culvert,Passable,108847.2,1
3,938,18765,-124.1552734,43.16416168,Dam,Blocked,487195.2,0.1
3,938,23565,-124.1560311,43.16725117,Culvert,Blocked,108847.2,0.1
3,940,5196,-124.1099068,42.69457797,Falls,Blocked,455041.93,0.1
3,950,16390,-123.735724,42.985381,Culvert,Unknown,108847.2,0.1
3,950,6714,-123.7351657,42.98507146,Falls,Unknown,455041.93,0.5
3,963,9037,-124.2289589,43.07910902,Culvert,Partial,108847.2,0.5
3,986,35014,-124.1896,42.9403,Bridge,Unknown,370171,0.1
3,988,30049,-123.9640218,42.84443404,Culvert,Partial,108847.2,0.5
3,994,3617,-124.0720714,43.12363209,Culvert,UnkAnad,108847.2,0.1
3,994,27543,-124.0535872,43.13943082,Culvert,Blocked,108847.2,0.1
3,1011,9751,-124.2114246,43.12134122,Culvert,Passable,108847.2,1
3,1015,24844,-124.0204124,42.69695841,Culvert,Blocked,108847.2,0.1
3,1017,33028,-124.349411,43.132533,Bridge,Unknown,370171,0.1
3,1017,33062,-124.352275,43.132511,Bridge,Unknown,370171,0.1
3,1025,17265,-123.763052,42.968538,Culvert,Unknown,108847.2,0.1
3,1037,10138,-123.6909641,43.05032206,Culvert,Passable,108847.2,1
3,1055,24849,-124.0150452,43.28933333,Culvert,Partial,108847.2,0.5
3,1058,30101,-123.9805327,42.7459474,Culvert,Partial,108847.2,0.5
3,1062,15806,-123.655294,43.057122,Culvert,Unknown,108847.2,0.1
3,1068,3572,-123.6823313,43.09250415,Culvert,Unknown,108847.2,0.1
3,1074,15940,-123.87509,42.993831,Culvert,Unknown,108847.2,0.1
3,1086,6056,-124.1680347,43.05494857,Dam,UnkAnad,487195.2,0.1
3,1113,35022,-124.326936,43.099403,Bridge,Unknown,370171,0.1
3,1134,27545,-124.0938785,43.2082299,Culvert,UnkAnad,108847.2,0.1
3,1134,27546,-124.1008761,43.21736142,Culvert,UnkAnad,108847.2,0.1
3,1134,9909,-124.0851882,43.20066197,Culvert,UnkAnad,108847.2,0.1
3,1134,27547,-124.1023689,43.21879981,Culvert,Partial,108847.2,0.5
3,1134,27584,-124.1094456,43.22245681,Culvert,Partial,108847.2,0.5
3,1140,3895,-124.0576859,43.2381571,Culvert,Partial,108847.2,0.5
3,1187,3973,-124.0675868,42.90240974,Falls,UnkAnad,455041.93,0.5
3,1191,30067,-123.9811937,42.7973521,Culvert,Blocked,108847.2,0.1
3,1223,9866,-124.0938593,42.69104637,Falls,Unknown,455041.93,0.5
3,1381,34518,-123.753031,42.972539,Bridge,Unknown,370171,0.1
3,1414,35562,-123.70785,43.0055,Bridge,Unknown,370171,0.1
3,1421,35020,-124.350514,43.1252,Bridge,Unknown,370171,0.1
3,1421,35691,-124.348919,43.125189,Bridge,Unknown,370171,0.1
3,1424,36422,-124.267119,43.209669,Bridge,Unknown,370171,0.1
3,1459,33575,-124.29065,43.116158,Bridge,Unknown,370171,0.1
3,1465,15939,-123.901271,43.008397,Culvert,Unknown,108847.2,0.1
3,1475,13745,-123.904949,43.010043,Culvert,Unknown,108847.2,0.1
3,1498,4504,-124.0248001,43.28126102,Culvert,Unknown,108847.2,0.1
3,1500,6395,-124.0994926,43.0687744,Culvert,Blocked,108847.2,0.1
3,1501,4923,-124.1391005,42.99559826,Culvert,Partial,108847.2,0.5
3,1510,14161,-123.793556,42.964959,Culvert,Unknown,108847.2,0.1
3,1527,34986,-124.021806,43.290606,Bridge,Unknown,370171,0.1
3,1583,16405,-124.074827,42.890209,Culvert,Unknown,108847.2,0.1
3,1599,24894,-124.2497508,43.15713881,Culvert,Partial,108847.2,0.5
3,1618,7875,-124.2793873,43.10297854,Culvert,Passable,108847.2,1
3,1621,10715,-124.1206093,42.76953969,CascadeGradientVelocity,UnkAnad,455041.93,0.1
3,1628,27869,-123.8745335,43.29554534,Falls,Blocked,455041.93,0.1
3,1637,16389,-123.794684,42.964668,Culvert,Unknown,108847.2,0.1
3,1640,30089,-124.062811,42.71054941,Culvert,Partial,108847.2,0.5
3,1642,29442,-123.7404761,42.97885345,Falls,Unknown,455041.93,0.5
3,1685,35539,-123.728431,42.993261,Bridge,Unknown,370171,0.1
3,1707,2733,-124.1154515,42.90469136,Culvert,Unknown,108847.2,0.1
3,1707,6648,-124.1124979,42.90485113,Culvert,Partial,108847.2,0.5
3,1715,16910,-123.742349,42.978318,Culvert,Unknown,108847.2,0.1
3,1722,24541,-123.9990687,42.82910635,Culvert,Blocked,108847.2,0.1
3,1736,6394,-124.0910146,43.0768657,Culvert,Unknown,108847.2,0.1
3,1748,27869,-123.8745335,43.29554534,Falls,Blocked,455041.93,0.1
3,1785,29410,-124.3491535,43.16796578,TideGate,UnkAnad,77617.39,0.5
3,1848,8861,-124.2897649,43.11196635,Culvert,Passable,108847.2,1
3,1848,44825,-124.291545,43.11101022,CascadeGradientVelocity,Blocked,455041.93,0.1
3,1925,44826,-124.0644469,42.90472678,CascadeGradientVelocity,Partial,455041.93,0.5
3,1950,44737,-124.2285421,43.07755253,Culvert,Partial,108847.2,0.5
3,2003,24394,-124.2685487,43.05018829,Culvert,Blocked,108847.2,0.1
3,2007,9039,-124.1341678,43.03290136,Culvert,Blocked,108847.2,0.1
3,2015,14928,-124.279923,43.15173,Culvert,Unknown,108847.2,0.1
3,2036,35597,-124.22435,43.078769,Bridge,Unknown,370171,0.1
3,2062,24388,-124.2160548,42.94307658,Culvert,Blocked,108847.2,0.1
3,2132,27552,-124.2720909,43.08426072,Culvert,Partial,108847.2,0.5
3,2212,39872,-124.336553,43.135362,TideGate,UnkAnad,77617.39,0.5
3,2286,24266,-124.1451005,42.87899092,Culvert,Partial,108847.2,0.5
3,2296,5503,-124.1612392,43.05292183,Culvert,Passable,108847.2,1
3,2305,39871,-124.338738,43.13636899,TideGate,UnkAnad,77617.39,0.5
3,2472,36811,-124.216861,43.1158,Bridge,Unknown,370171,0.1
3,2581,30077,-123.9666275,42.73341667,Culvert,Blocked,108847.2,0.1
3,2600,13746,-123.800842,42.963752,Culvert,Unknown,108847.2,0.1
3,2608,30106,-123.9890886,42.79076426,Culvert,Partial,108847.2,0.5
3,2635,16386,-124.095881,43.029538,Culvert,Unknown,108847.2,0.1
3,2676,19297,-124.3847504,43.11386871,Dam,Unknown,487195.2,0.1
3,2716,33052,-124.230678,43.173314,Bridge,Unknown,370171,0.1
3,2716,35651,-124.234547,43.176739,Bridge,Unknown,370171,0.1
3,2727,39882,-124.249684,43.20951399,TideGate,UnkAnad,77617.39,0.5
3,2727,39883,-124.249624,43.209635,TideGate,UnkAnad,77617.39,0.5
3,2727,39884,-124.251843,43.20955399,TideGate,UnkAnad,77617.39,0.5
3,2727,39885,-124.25502,43.20982499,TideGate,UnkAnad,77617.39,0.5
3,2727,39886,-124.256524,43.209863,TideGate,UnkAnad,77617.39,0.5
3,2727,39887,-124.255683,43.20967799,TideGate,UnkAnad,77617.39,0.5
3,2727,39888,-124.255077,43.209679,TideGate,UnkAnad,77617.39,0.5
3,2727,39889,-124.257226,43.209714,TideGate,UnkAnad,77617.39,0.5
3,2727,39890,-124.246087,43.209532,TideGate,UnkAnad,77617.39,0.5
3,2779,39870,-124.338777,43.158726,TideGate,UnkAnad,77617.39,0.5
3,2837,39892,-124.259492,43.19538499,TideGate,UnkAnad,77617.39,0.5
3,2904,5187,-124.0967997,42.95016434,Falls,Blocked,455041.93,0.1
4,2921,38545,-123.798558,43.145275,Bridge,Unknown,370171,0.1
4,2945,34993,-124.001542,42.938511,Bridge,Unknown,370171,0.1
4,2950,7101,-123.9922868,42.97505797,Culvert,UnkAnad,108847.2,0.1
4,2950,4027,-123.8800654,42.90365923,Falls,Unknown,455041.93,0.5
4,2950,27857,-123.8631582,42.90164139,Falls,Unknown,455041.93,0.5
4,2950,34134,-124.005817,42.973333,Bridge,Unknown,370171,0.1
4,2950,34994,-123.978003,42.965469,Bridge,Unknown,370171,0.1
4,2950,35701,-123.970289,42.970169,Bridge,Unknown,370171,0.1
4,2950,44798,-123.926413,42.93018961,CascadeGradientVelocity,Partial,455041.93,0.5
4,2953,27852,-123.9727691,42.90048502,Falls,Unknown,455041.93,0.5
4,2953,38859,-123.975141,42.90195968,Falls,Blocked,455041.93,0.1
4,2954,27514,-123.920485,43.27791963,Culvert,UnkAnad,108847.2,0.1
4,2954,2731,-123.9318262,43.27021572,Culvert,Unknown,108847.2,0.1
4,2954,24507,-123.9386701,43.2545561,Culvert,Partial,108847.2,0.5
4,2954,27515,-123.9086699,43.28171565,Culvert,Blocked,108847.2,0.1
4,2954,38889,-123.9312642,43.27008073,Falls,Partial,455041.93,0.5
4,2956,10244,-123.8346473,42.99132918,Falls,UnkAnad,455041.93,0.5
4,2956,27829,-123.84399,42.99652802,Falls,UnkAnad,455041.93,0.5
4,2958,3618,-124.0477579,43.11278183,Culvert,Unknown,108847.2,0.1
4,2960,12250,-123.9920272,43.0512139,Falls,UnkAnad,455041.93,0.5
4,2960,7102,-123.988926,43.04319973,Culvert,Partial,108847.2,0.5
4,2960,27556,-123.992537,43.05313408,Culvert,Passable,108847.2,1
4,2965,5600,-123.9795249,43.16437711,CascadeGradientVelocity,UnkAnad,455041.93,0.1
4,2965,9926,-123.9707808,43.18629637,Falls,Blocked,455041.93,0.1
4,2966,27810,-123.7761309,43.16671401,Falls,Unknown,455041.93,0.5
4,2966,27499,-123.7744122,43.16968914,Culvert,Blocked,108847.2,0.1
4,2966,6519,-123.7935304,43.15091118,Falls,Blocked,455041.93,0.1
4,2966,27809,-123.7941399,43.14930287,Falls,Blocked,455041.93,0.1
4,2969,27839,-123.8837177,43.10791141,Falls,Unknown,455041.93,0.5
4,2977,5598,-124.1088372,43.25320126,CascadeGradientVelocity,UnkAnad,455041.93,0.1
4,2977,9930,-124.1008423,43.2732968,Falls,Blocked,455041.93,0.1
4,2980,6717,-123.8748627,43.05245355,CascadeGradientVelocity,UnkAnad,455041.93,0.1
4,2980,29438,-123.8746945,43.05247252,Culvert,Partial,108847.2,0.5
4,2980,38933,-123.8723111,43.05266716,CascadeGradientVelocity,Blocked,455041.93,0.1
4,2980,38934,-123.8809437,43.05130053,Falls,Blocked,455041.93,0.1
4,2986,9754,-124.0662914,43.16587505,Culvert,Passable,108847.2,1
4,2991,27792,-123.6602926,42.94478612,Falls,UnkAnad,455041.93,0.5
4,2991,27796,-123.7142942,42.94497312,CascadeGradientVelocity,UnkAnad,455041.93,0.1
4,2991,27797,-123.7132091,42.94470587,CascadeGradientVelocity,UnkAnad,455041.93,0.1
4,2991,27798,-123.7124236,42.94409085,Falls,UnkAnad,455041.93,0.5
4,2991,27799,-123.7099633,42.94285685,Falls,UnkAnad,455041.93,0.5
4,2991,27800,-123.7092358,42.94283914,Falls,UnkAnad,455041.93,0.5
4,2991,1352,-123.7178309,42.94636654,Bridge,Passable,370171,1
4,2991,29294,-123.6755673,42.94050012,Dam,Partial,487195.2,0.5
4,2991,1348,-123.6761708,42.94056632,Culvert,Partial,108847.2,0.5
4,2997,27861,-124.0333479,43.22679808,Falls,Blocked,455041.93,0.1
4,3003,34989,-123.968683,43.066072,Bridge,Unknown,370171,0.1
4,3003,2699,-123.9746084,43.07115783,Culvert,UnkAnad,108847.2,0.1
4,3005,24933,-123.9838581,43.2758974,Culvert,Blocked,108847.2,0.1
4,3012,7257,-123.9437178,43.21785961,Falls,UnkAnad,455041.93,0.5
4,3012,9931,-123.9712752,43.21647291,Falls,UnkAnad,455041.93,0.5
4,3012,34133,-123.996242,43.181233,Bridge,Unknown,370171,0.1
4,3012,2737,-123.9245135,43.20714247,Culvert,Unknown,108847.2,0.1
4,3012,27517,-123.907374,43.20023275,Culvert,Blocked,108847.2,0.1
4,3012,9863,-123.9366746,43.21525561,Falls,Blocked,455041.93,0.1
4,3018,43679,-123.957071,43.149172,Culvert,Passable,108847.2,1
4,3021,27843,-123.922735,43.17524247,Falls,Unknown,455041.93,0.5
4,3021,4921,-123.9226732,43.16230889,Culvert,Partial,108847.2,0.5
4,3021,28135,-123.9235648,43.16549946,Dam,Partial,487195.2,0.5
4,3030,27862,-123.9860024,43.11786184,Falls,UnkAnad,455041.93,0.5
4,3030,44072,-123.9778147,43.11675151,Culvert,Partial,108847.2,0.5
4,3033,5603,-123.9298293,43.18269928,CascadeGradientVelocity,Unknown,455041.93,0.1
4,3033,7258,-123.9585756,43.17785412,Falls,UnkAnad,455041.93,0.5
4,3033,38544,-123.962347,43.157686,Bridge,Unknown,370171,0.1
4,3034,6520,-123.7321626,43.15886364,Falls,Blocked,455041.93,0.1
4,3056,13749,-123.679667,43.025681,Culvert,Unknown,108847.2,0.1
4,3056,1248,-123.667939,43.02253159,Culvert,Blocked,108847.2,0.1
4,3060,2732,-123.9521518,43.06460219,Culvert,UnkAnad,108847.2,0.1
4,3060,27558,-123.9518154,43.06307141,Culvert,Partial,108847.2,0.5
4,3063,4489,-123.8754536,43.02100488,Culvert,UnkAnad,108847.2,0.1
4,3065,27835,-123.8374474,43.1783853,Falls,UnkAnad,455041.93,0.5
4,3065,34973,-123.859611,43.148094,Bridge,Unknown,370171,0.1
4,3065,27504,-123.7814339,43.18247999,Culvert,Partial,108847.2,0.5
4,3065,28305,-123.7814339,43.18247999,Culvert,Partial,108847.2,0.5
4,3065,6532,-123.8130182,43.17724453,Falls,Blocked,455041.93,0.1
4,3067,27834,-123.8255933,43.08430321,Falls,Blocked,455041.93,0.1
4,3152,4916,-123.9944374,43.16478182,Culvert,Unknown,108847.2,0.1
4,3154,4917,-123.9903246,43.16572952,Culvert,Partial,108847.2,0.5
4,3157,2715,-124.0135905,43.21977827,Culvert,UnkAnad,108847.2,0.1
4,3160,9861,-123.9118415,43.23765772,Falls,UnkAnad,455041.93,0.5
4,3160,27844,-123.9259053,43.24483001,Falls,UnkAnad,455041.93,0.5
4,3160,27845,-123.9132421,43.24002251,Falls,UnkAnad,455041.93,0.5
4,3160,38846,-123.9091704,43.22934959,CascadeGradientVelocity,Blocked,455041.93,0.1
4,3162,6521,-123.7855292,43.121278,Falls,Blocked,455041.93,0.1
4,3162,27814,-123.7737836,43.1081843,Falls,Blocked,455041.93,0.1
4,3163,34992,-124.020711,42.966814,Bridge,Unknown,370171,0.1
4,3175,10137,-123.6820617,43.04240564,Culvert,Passable,108847.2,1
4,3178,1267,-123.7406779,43.02361307,Culvert,Passable,108847.2,1
4,3183,2712,-123.8921189,43.25230636,Culvert,Partial,108847.2,0.5
4,3210,27508,-123.8891552,43.01019004,Culvert,Blocked,108847.2,0.1
4,3210,27840,-123.8892038,43.01093831,Falls,Blocked,455041.93,0.1
4,3210,38908,-123.889245,43.011704,Dam,Blocked,487195.2,0.1
4,3210,38909,-123.8893216,43.01052105,Falls,Blocked,455041.93,0.1
4,3211,27535,-124.0322778,43.14086882,Culvert,UnkAnad,108847.2,0.1
4,3211,34974,-124.02485,43.127056,Bridge,Unknown,370171,0.1
4,3219,4506,-124.2072435,43.23123169,Culvert,Unknown,108847.2,0.1
4,3220,1363,-123.7253054,42.92426252,Bridge,Passable,370171,1
4,3222,3576,-123.6774124,43.02854287,Culvert,Unknown,108847.2,0.1
4,3222,14374,-123.677551,43.028483,Culvert,Unknown,108847.2,0.1
4,3222,1596,-123.6549442,43.0276759,Culvert,Blocked,108847.2,0.1
4,3226,4472,-123.8173417,43.15265467,Culvert,Partial,108847.2,0.5
4,3226,7260,-123.8176934,43.15231488,Falls,Blocked,455041.93,0.1
4,3232,1576,-123.7475869,43.03992405,Culvert,Blocked,108847.2,0.1
4,3232,1581,-123.7348952,43.0361506,Culvert,Blocked,108847.2,0.1
4,3232,1582,-123.7364485,43.03643575,Culvert,Blocked,108847.2,0.1
4,3238,45414,-124.0378556,43.03246676,Culvert,Partial,108847.2,0.5
4,3260,36422,-124.267119,43.209669,Bridge,Unknown,370171,0.1
4,3264,9862,-123.9753442,43.24412354,Falls,UnkAnad,455041.93,0.5
4,3267,27832,-123.8244739,43.06878068,Falls,Unknown,455041.93,0.5
4,3267,27830,-123.8253319,43.06807317,Falls,Blocked,455041.93,0.1
4,3267,27831,-123.8251505,43.0682229,Falls,Blocked,455041.93,0.1
4,3269,18844,-124.3564911,43.12247085,Dam,Unknown,487195.2,0.1
4,3271,2743,-123.8568488,43.07806183,Culvert,Unknown,108847.2,0.1
4,3271,43677,-123.8632,43.0789,Culvert,Passable,108847.2,1
4,3281,9756,-124.0267047,43.18808153,Culvert,Passable,108847.2,1
4,3291,16911,-123.689549,43.016321,Culvert,Unknown,108847.2,0.1
4,3299,27863,-124.0451883,43.10126105,Falls,UnkAnad,455041.93,0.5
4,3299,27864,-124.0257156,43.0930323,Falls,UnkAnad,455041.93,0.5
4,3299,27865,-124.0217355,43.08493485,Falls,Blocked,455041.93,0.1
4,3312,27841,-123.8937447,43.0789301,Falls,Unknown,455041.93,0.5
4,3312,9058,-123.9013376,43.09320287,Falls,Blocked,455041.93,0.1
4,3313,27501,-123.8202035,43.02513983,Culvert,Unknown,108847.2,0.1
4,3315,43275,-124.0569393,43.07420768,Culvert,Passable,108847.2,1
4,3327,5896,-123.6786449,43.01545847,Culvert,Unknown,108847.2,0.1
4,3327,17267,-123.6868315,43.0191644,Culvert,Unknown,108847.2,0.1
4,3327,1251,-123.6666011,43.01375702,Culvert,Blocked,108847.2,0.1
4,3335,29275,-123.8783876,43.2569965,Culvert,Blocked,108847.2,0.1
4,3335,29276,-123.8786143,43.25672379,Falls,Partial,455041.93,0.5
4,3335,45750,-123.8705,43.2615,Culvert,Blocked,108847.2,0.1
4,3351,10410,-123.7287588,42.96765333,Falls,Unknown,455041.93,0.5
4,3351,27804,-123.7216244,42.97029945,Falls,Unknown,455041.93,0.5
4,3351,27805,-123.7209113,42.97066563,Falls,Unknown,455041.93,0.5
4,3351,27806,-123.7153641,42.97238368,CascadeGradientVelocity,Unknown,455041.93,0.1
4,3351,1881,-123.7251266,42.96886528,Bridge,Passable,370171,1
4,3351,27807,-123.7124406,42.9738293,Falls,Blocked,455041.93,0.1
4,3371,27518,-123.927532,43.29174407,Culvert,Blocked,108847.2,0.1
4,3382,24307,-123.7071202,43.12857197,Culvert,Partial,108847.2,0.5
4,3382,6525,-123.7211693,43.13440434,Falls,Blocked,455041.93,0.1
4,3382,27801,-123.7173639,43.13386903,Falls,Blocked,455041.93,0.1
4,3382,27802,-123.7168297,43.13395773,Falls,Blocked,455041.93,0.1
4,3382,27803,-123.7090129,43.13071837,Falls,Blocked,455041.93,0.1
4,3382,43268,-123.714366,43.134226,Culvert,Passable,108847.2,1
4,3484,30063,-123.9645357,42.84518169,Culvert,Partial,108847.2,0.5
4,3505,4496,-124.0445558,43.18172847,Culvert,Partial,108847.2,0.5
4,3551,3619,-124.0875551,43.10957486,Culvert,UnkAnad,108847.2,0.1
4,3558,1350,-123.7215978,42.94193988,Culvert,Blocked,108847.2,0.1
4,3565,1534,-123.7267819,43.05394823,Culvert,Blocked,108847.2,0.1
4,3565,1537,-123.7191544,43.04997829,Culvert,Blocked,108847.2,0.1
4,3569,2703,-124.0253001,43.19699989,Culvert,UnkAnad,108847.2,0.1
4,3577,23522,-124.0037038,43.13942505,Culvert,Blocked,108847.2,0.1
4,3580,27490,-123.7050443,43.1448079,Culvert,Unknown,108847.2,0.1
4,3580,27793,-123.6944199,43.14893175,Falls,Unknown,455041.93,0.5
4,3580,27794,-123.6938816,43.14926512,Falls,Blocked,455041.93,0.1
4,3580,27795,-123.6932901,43.14960972,Falls,Blocked,455041.93,0.1
4,3581,14162,-123.675329,43.031433,Culvert,Unknown,108847.2,0.1
4,3581,36353,-123.684419,43.031325,Bridge,Unknown,370171,0.1
4,3605,4918,-123.8774513,43.14712347,Culvert,Unknown,108847.2,0.1
4,3606,23564,-123.9643262,43.06872356,Culvert,Blocked,108847.2,0.1
4,3609,10134,-123.7030984,43.02387816,Culvert,Passable,108847.2,1
4,3642,24319,-123.8600167,43.02454965,Culvert,Blocked,108847.2,0.1
4,3659,7259,-123.9112043,43.1700708,Falls,UnkAnad,455041.93,0.5
4,3659,29480,-123.9181556,43.16087135,Culvert,Passable,108847.2,1
4,3668,23833,-124.0146112,43.01473383,Culvert,Blocked,108847.2,0.1
4,3697,8672,-123.8947717,43.14753559,CascadeGradientVelocity,UnkAnad,455041.93,0.1
4,3707,3977,-124.0616793,43.07821402,Falls,UnkAnad,455041.93,0.5
4,3718,24539,-124.1191116,43.21223548,Culvert,Blocked,108847.2,0.1
4,3726,1401,-123.7051616,42.95812554,Culvert,Blocked,108847.2,0.1
4,3726,27493,-123.7153531,42.95366761,Culvert,Blocked,108847.2,0.1
4,3736,3895,-124.0576859,43.2381571,Culvert,Partial,108847.2,0.5
4,3791,9903,-124.0473001,43.16531263,Culvert,Partial,108847.2,0.5
4,3794,39897,-124.276962,43.191994,TideGate,UnkAnad,77617.39,0.5
4,3801,4919,-123.9044979,43.15187359,Culvert,Blocked,108847.2,0.1
4,3845,10154,-123.8320562,43.15239652,Culvert,Unknown,108847.2,0.1
4,3855,1210,-123.7483793,43.07196517,Culvert,Blocked,108847.2,0.1
4,3865,7958,-124.3493741,43.20397514,Dam,UnkAnad,487195.2,0.1
4,3865,29413,-124.3465195,43.19365308,Culvert,UnkAnad,108847.2,0.1
4,3865,14898,-124.346967,43.192871,Culvert,Passable,108847.2,1
4,3865,17584,-124.346967,43.192871,Culvert,Passable,108847.2,1
4,3919,1579,-123.7317989,43.03084731,Culvert,Blocked,108847.2,0.1
4,3922,27881,-123.7479929,42.91256507,CascadeGradientVelocity,Unknown,455041.93,0.1
4,3935,27849,-123.9869572,42.88374973,Falls,Unknown,455041.93,0.5
4,4092,10712,-124.1066738,42.73863776,CascadeGradientVelocity,UnkAnad,455041.93,0.1
4,4124,24367,-123.8735081,42.8706756,Culvert,Blocked,108847.2,0.1
4,4174,35596,-123.866189,43.143139,Bridge,Unknown,370171,0.1
4,4192,14373,-123.692398,43.013682,Culvert,Unknown,108847.2,0.1
4,4193,23521,-124.0153511,43.05055943,Culvert,Blocked,108847.2,0.1
4,4207,27551,-124.2117314,43.02612536,Culvert,UnkAnad,108847.2,0.1
4,4222,43277,-124.025331,43.051943,Culvert,Passable,108847.2,1
4,4229,2740,-123.9414578,43.07284925,Culvert,Unknown,108847.2,0.1
4,4294,8058,-124.0417354,43.17855854,Culvert,Unknown,108847.2,0.1
4,4299,7103,-123.9972248,43.03507084,Culvert,Blocked,108847.2,0.1
4,4310,1213,-123.702661,43.08321309,Culvert,Blocked,108847.2,0.1
4,4318,7633,-123.9532943,43.15629384,Culvert,Partial,108847.2,0.5
4,4329,24839,-123.8478497,43.08551193,Culvert,Blocked,108847.2,0.1
4,4333,3969,-123.7990607,42.93282535,Falls,Unknown,455041.93,0.5
4,4341,9055,-123.8994719,43.09862307,Falls,Partial,455041.93,0.5
4,4347,44824,-124.0562592,43.01190592,Falls,Partial,455041.93,0.5
4,4365,1304,-123.6974977,43.00206516,Culvert,Blocked,108847.2,0.1
4,4396,27523,-123.9675543,42.88178704,Culvert,Blocked,108847.2,0.1
4,4402,8435,-124.2150721,43.15850638,Culvert,Partial,108847.2,0.5
4,4493,27559,-123.852088,43.08328313,Culvert,Partial,108847.2,0.5
4,4621,6715,-123.7328302,42.91919098,Falls,Unknown,455041.93,0.5
4,4680,28138,-123.9785863,43.28428018,Culvert,Partial,108847.2,0.5
4,4825,1451,-123.7320852,43.06223493,Culvert,Blocked,108847.2,0.1
4,4825,2447,-123.7317314,43.06247021,Culvert,Blocked,108847.2,0.1
4,4825,10139,-123.7169392,43.05961726,Culvert,Passable,108847.2,1
4,4889,1460,-123.7374085,43.02809012,Culvert,Blocked,108847.2,0.1
4,4889,1580,-123.7345602,43.02686709,Culvert,Passable,108847.2,1
4,4903,2695,-123.9071355,43.03768279,Culvert,Unknown,108847.2,0.1
4,4923,3883,-123.8642972,43.03532413,Culvert,Partial,108847.2,0.5
4,4923,27507,-123.8567175,43.03266931,Culvert,Blocked,108847.2,0.1
4,4923,29314,-123.8635047,43.03513264,Dam,Partial,487195.2,0.5
4,4933,1532,-123.75129,43.04515642,Culvert,Blocked,108847.2,0.1
4,4962,9748,-124.1847719,43.08929164,Culvert,Passable,108847.2,1
4,4999,3642,-124.2198943,43.23550018,Culvert,Passable,108847.2,1
4,5007,12332,-124.2285152,43.12044623,Dam,Blocked,487195.2,0.1
4,5029,5844,-123.9452223,43.16036744,Culvert,Unknown,108847.2,0.1
4,5035,2729,-124.0737386,43.25626648,Culvert,UnkAnad,108847.2,0.1
4,5079,30050,-123.9758513,42.82020394,Culvert,Partial,108847.2,0.5
4,5084,1547,-123.6798071,42.99630595,Culvert,Blocked,108847.2,0.1
4,5084,1548,-123.6807526,42.9947117,Culvert,Blocked,108847.2,0.1
4,5106,1215,-123.7131031,43.0795442,Culvert,Blocked,108847.2,0.1
4,5164,8860,-124.0526822,43.11624021,Culvert,Passable,108847.2,1
4,5177,15944,-123.656489,43.055206,Culvert,Unknown,108847.2,0.1
4,5196,2617,-123.6869203,43.12546711,Culvert,Blocked,108847.2,0.1
4,5229,9755,-124.0498442,43.18237043,Culvert,Passable,108847.2,1
4,5234,1449,-123.6571299,43.06557875,Culvert,Blocked,108847.2,0.1
4,5253,17268,-123.672074,43.035947,Culvert,Unknown,108847.2,0.1
4,5257,7957,-124.0100883,43.21556173,Falls,Partial,455041.93,0.5
4,5342,27547,-124.1023689,43.21879981,Culvert,Partial,108847.2,0.5
4,5481,14372,-123.73599,42.984419,Culvert,Unknown,108847.2,0.1
4,5527,30114,-123.9687447,42.82776059,Culvert,Partial,108847.2,0.5
4,5938,10138,-123.6909641,43.05032206,Culvert,Passable,108847.2,1
4,5958,12401,-123.8889167,43.25360262,Falls,Partial,455041.93,0.5
4,6066,2695,-123.9071355,43.03768279,Culvert,Unknown,108847.2,0.1
4,6093,32736,-124.0961386,43.15512572,Culvert,Partial,108847.2,0.5
4,6156,29277,-123.8790125,43.25911388,Falls,UnkAnad,455041.93,0.5
4,6164,23880,-124.3377096,43.05283956,Culvert,Unknown,108847.2,0.1
4,6164,23892,-124.3395273,43.05349766,Culvert,Blocked,108847.2,0.1
4,6197,24788,-123.9385501,43.03863878,Culvert,Blocked,108847.2,0.1
4,6296,45404,-124.1141922,43.15108968,Falls,Blocked,455041.93,0.1
4,6570,1549,-123.6754343,42.98951197,Culvert,Blocked,108847.2,0.1
4,6590,1208,-123.6630043,43.07271615,Culvert,Blocked,108847.2,0.1
4,6805,23565,-124.1560311,43.16725117,Culvert,Blocked,108847.2,0.1
4,7152,9037,-124.2289589,43.07910902,Culvert,Partial,108847.2,0.5
4,7222,5533,-124.0408077,43.26351429,Falls,Unknown,455041.93,0.5
4,7241,43276,-124.055,43.076,Culvert,Unknown,108847.2,0.1
4,7300,4028,-124.0188088,42.9640066,Falls,UnkAnad,455041.93,0.5
4,7387,39870,-124.338777,43.158726,TideGate,UnkAnad,77617.39,0.5
4,7390,1186,-123.7017151,43.08380485,Culvert,Passable,108847.2,1
4,7402,35021,-124.017406,43.1172,Bridge,Unknown,370171,0.1
4,7505,23902,-124.017586,43.01174067,Culvert,Blocked,108847.2,0.1
4,7511,35015,-124.226489,42.976514,Bridge,Unknown,370171,0.1
4,7515,27867,-123.734828,43.1435238,Falls,Unknown,455041.93,0.5
4,7612,29330,-123.8561566,43.05381201,Ford,UnkAnad,108847.2,0.5
4,7612,5764,-123.8574577,43.0540706,Culvert,Partial,108847.2,0.5
4,7753,27880,-123.7476339,42.91310544,CascadeGradientVelocity,Unknown,455041.93,0.1
4,8126,27882,-124.0599932,43.07679735,Falls,UnkAnad,455041.93,0.5
4,8200,16385,-124.230126,43.240422,Culvert,Unknown,108847.2,0.1
4,8450,24894,-124.2497508,43.15713881,Culvert,Partial,108847.2,0.5
4,8482,9751,-124.2114246,43.12134122,Culvert,Passable,108847.2,1
4,8730,27874,-123.8795826,43.26968399,Falls,Blocked,455041.93,0.1
4,8738,40281,-124.069806,43.036925,Bridge,Unknown,370171,0.1
4,8781,8029,-124.1225174,42.73465524,Falls,Blocked,455041.93,0.1
5,8900,27509,-123.897481,43.26068879,Culvert,Blocked,108847.2,0.1
5,8914,27796,-123.7142942,42.94497312,CascadeGradientVelocity,UnkAnad,455041.93,0.1
5,8957,6522,-123.7585042,43.12449357,Falls,Unknown,455041.93,0.5
5,8957,27498,-123.7374471,43.11407192,Culvert,Partial,108847.2,0.5
5,8957,27808,-123.7383623,43.1130162,Falls,Blocked,455041.93,0.1
5,8957,28133,-123.7711204,43.12161272,Dam,Partial,487195.2,0.5
5,8961,27535,-124.0322778,43.14086882,Culvert,UnkAnad,108847.2,0.1
5,8961,2693,-124.0226514,43.14671342,Culvert,UnkAnad,108847.2,0.1
5,8961,27536,-124.0230197,43.15219348,Culvert,Partial,108847.2,0.5
5,8966,6529,-123.8976875,43.21348454,Falls,Unknown,455041.93,0.5
5,8966,27836,-123.8974651,43.20805696,CascadeGradientVelocity,Unknown,455041.93,0.1
5,8966,27505,-123.8812244,43.20369739,Culvert,Passable,108847.2,1
5,8966,6528,-123.87624,43.19576737,Falls,Blocked,455041.93,0.1
5,8966,27837,-123.8976816,43.2086221,Falls,Blocked,455041.93,0.1
5,8975,16073,-123.686025,43.01992806,Culvert,Unknown,108847.2,0.1
5,8975,1250,-123.6645239,43.018699,Culvert,Blocked,108847.2,0.1
5,8975,10133,-123.6785468,43.01840776,Culvert,Passable,108847.2,1
5,8981,4027,-123.8800654,42.90365923,Falls,Unknown,455041.93,0.5
5,8987,2737,-123.9245135,43.20714247,Culvert,Unknown,108847.2,0.1
5,9007,24830,-123.7287537,43.15881563,Culvert,Blocked,108847.2,0.1
5,9020,34994,-123.978003,42.965469,Bridge,Unknown,370171,0.1
5,9020,2722,-123.970184,42.9603067,Culvert,UnkAnad,108847.2,0.1
5,9021,6533,-123.9043717,43.16502364,Falls,Unknown,455041.93,0.5
5,9021,43284,-123.909771,43.165571,Culvert,Passable,108847.2,1
5,9031,24536,-123.7765358,43.19391508,Culvert,Blocked,108847.2,0.1
5,9050,27551,-124.2117314,43.02612536,Culvert,UnkAnad,108847.2,0.1
5,9063,27842,-123.8930096,43.0874948,Falls,Blocked,455041.93,0.1
5,9068,6523,-123.8266393,43.12700091,Falls,Blocked,455041.93,0.1
5,9068,38920,-123.8310542,43.1150688,Falls,Blocked,455041.93,0.1
5,9089,5199,-123.7900868,43.20101476,Falls,Blocked,455041.93,0.1
5,9105,27818,-123.8331883,43.13132735,Falls,UnkAnad,455041.93,0.5
5,9105,27820,-123.8348009,43.13122685,Falls,UnkAnad,455041.93,0.5
5,9105,27821,-123.8350057,43.1312289,Falls,UnkAnad,455041.93,0.5
5,9105,27824,-123.8430207,43.12933884,Falls,Unknown,455041.93,0.5
5,9105,27825,-123.843251,43.12940362,Falls,Unknown,455041.93,0.5
5,9105,27827,-123.850927,43.12468629,Falls,Unknown,455041.93,0.5
5,9105,27828,-123.8509297,43.12456436,Falls,Unknown,455041.93,0.5
5,9105,27502,-123.8499434,43.12755224,Culvert,Blocked,108847.2,0.1
5,9105,6524,-123.8381438,43.13079358,Falls,Blocked,455041.93,0.1
5,9105,27826,-123.8438797,43.12958042,Falls,Blocked,455041.93,0.1
5,9105,27819,-123.8381433,43.13079359,Falls,Blocked,455041.93,0.1
5,9105,27822,-123.8381433,43.13079359,Falls,Blocked,455041.93,0.1
5,9105,27823,-123.8381433,43.13079359,Falls,Blocked,455041.93,0.1
5,9105,38841,-123.8507363,43.12727893,Falls,Blocked,455041.93,0.1
5,9106,10653,-123.8195592,43.21041926,Falls,Blocked,455041.93,0.1
5,9106,27815,-123.827746,43.19416658,Falls,Blocked,455041.93,0.1
5,9106,27816,-123.8296797,43.19883492,Falls,Blocked,455041.93,0.1
5,9130,24525,-123.7265403,43.19032376,Culvert,Blocked,108847.2,0.1
5,9140,38933,-123.8723111,43.05266716,CascadeGradientVelocity,Blocked,455041.93,0.1
5,9153,27516,-123.9095892,43.21956419,Culvert,Blocked,108847.2,0.1
5,9154,45410,-123.9286885,42.95944554,CascadeGradientVelocity,Blocked,455041.93,0.1
5,9165,24319,-123.8600167,43.02454965,Culvert,Blocked,108847.2,0.1
5,9169,2706,-123.9759011,43.0759915,Culvert,UnkAnad,108847.2,0.1
5,9169,2736,-123.9696637,43.08162765,Culvert,UnkAnad,108847.2,0.1
5,9207,1399,-123.6980618,42.91522412,Culvert,Partial,108847.2,0.5
5,9207,45412,-123.6978651,42.91510821,CascadeGradientVelocity,Blocked,455041.93,0.1
5,9212,38859,-123.975141,42.90195968,Falls,Blocked,455041.93,0.1
5,9266,1531,-123.7471263,43.05127379,Culvert,Blocked,108847.2,0.1
5,9382,1904,-123.7176938,42.91783742,Culvert,Blocked,108847.2,0.1
5,9399,2703,-124.0253001,43.19699989,Culvert,UnkAnad,108847.2,0.1
5,9419,3894,-124.0342994,43.20464618,Culvert,Blocked,108847.2,0.1
5,9428,35701,-123.970289,42.970169,Bridge,Unknown,370171,0.1
5,9436,24798,-123.8585855,43.0850096,Culvert,Blocked,108847.2,0.1
5,9501,27500,-123.788993,43.09603496,Culvert,Blocked,108847.2,0.1
5,9504,27832,-123.8244739,43.06878068,Falls,Unknown,455041.93,0.5
5,9527,10154,-123.8320562,43.15239652,Culvert,Unknown,108847.2,0.1
5,9577,1131,-123.6733291,42.89709599,Culvert,Blocked,108847.2,0.1
5,9577,1398,-123.6852088,42.91022225,Culvert,Blocked,108847.2,0.1
5,9577,1514,-123.6745774,42.90235412,Culvert,Blocked,108847.2,0.1
5,9582,27830,-123.8253319,43.06807317,Falls,Blocked,455041.93,0.1
5,9593,1349,-123.7342056,42.94098237,Culvert,Blocked,108847.2,0.1
5,9670,43278,-124.055953,43.10066,Culvert,Passable,108847.2,1
5,9724,4918,-123.8774513,43.14712347,Culvert,Unknown,108847.2,0.1
5,9828,7102,-123.988926,43.04319973,Culvert,Partial,108847.2,0.5
5,10011,1362,-123.6722068,42.93642065,Culvert,Blocked,108847.2,0.1
5,10048,9862,-123.9753442,43.24412354,Falls,UnkAnad,455041.93,0.5
5,10050,44886,-123.9239207,42.93649713,CascadeGradientVelocity,Partial,455041.93,0.5
5,10140,14162,-123.675329,43.031433,Culvert,Unknown,108847.2,0.1
5,10140,2017,-123.6619385,43.03023752,Culvert,Blocked,108847.2,0.1
5,10150,2752,-123.9480238,43.0592379,Culvert,Unknown,108847.2,0.1
5,10166,27854,-124.005879,43.10193982,Falls,UnkAnad,455041.93,0.5
5,10166,27855,-124.0063205,43.10091136,Falls,UnkAnad,455041.93,0.5
5,10166,27853,-124.0057267,43.10236056,CascadeGradientVelocity,Partial,455041.93,0.5
5,10166,27856,-124.0059547,43.09953066,Falls,Blocked,455041.93,0.1
5,10266,43678,-124.0278685,43.1290453,Culvert,Passable,108847.2,1
5,10322,1249,-123.6724658,43.01276189,Culvert,Blocked,108847.2,0.1
5,10351,7552,-123.7335306,43.01008884,Culvert,Partial,108847.2,0.5
5,10353,24890,-123.8965918,43.24661579,Culvert,Blocked,108847.2,0.1
5,10366,24499,-123.7310702,43.15650151,Culvert,Blocked,108847.2,0.1
5,10405,24747,-123.8528619,43.08654075,Culvert,Blocked,108847.2,0.1
5,10437,38846,-123.9091704,43.22934959,CascadeGradientVelocity,Blocked,455041.93,0.1
5,10601,27857,-123.8631582,42.90164139,Falls,Unknown,455041.93,0.5
5,10657,1533,-123.7460854,43.05218762,Culvert,Blocked,108847.2,0.1
5,10882,1595,-123.6458857,43.02714077,Culvert,Blocked,108847.2,0.1
5,10882,1597,-123.6469225,43.02710177,Culvert,Blocked,108847.2,0.1
5,10889,3557,-123.9882799,43.20332445,Culvert,Unknown,108847.2,0.1
5,10945,24507,-123.9386701,43.2545561,Culvert,Partial,108847.2,0.5
5,10950,45411,-123.9298538,42.94012436,Falls,Blocked,455041.93,0.1
5,10996,5094,-124.2234316,43.03471553,Culvert,Passable,108847.2,1
5,11010,27481,-123.6445106,42.9517491,Culvert,Partial,108847.2,0.5
5,11127,24537,-123.9042409,43.08835287,Culvert,Blocked,108847.2,0.1
5,11249,5603,-123.9298293,43.18269928,CascadeGradientVelocity,Unknown,455041.93,0.1
5,11251,4496,-124.0445558,43.18172847,Culvert,Partial,108847.2,0.5
5,11291,27792,-123.6602926,42.94478612,Falls,UnkAnad,455041.93,0.5
5,11332,27556,-123.992537,43.05313408,Culvert,Passable,108847.2,1
5,11342,27558,-123.9518154,43.06307141,Culvert,Partial,108847.2,0.5
5,11388,27556,-123.992537,43.05313408,Culvert,Passable,108847.2,1
5,11458,1451,-123.7320852,43.06223493,Culvert,Blocked,108847.2,0.1
5,11603,1530,-123.7490649,43.0475725,Culvert,Blocked,108847.2,0.1
5,11710,5600,-123.9795249,43.16437711,CascadeGradientVelocity,UnkAnad,455041.93,0.1
5,11777,27806,-123.7153641,42.97238368,CascadeGradientVelocity,Unknown,455041.93,0.1
5,11826,34133,-123.996242,43.181233,Bridge,Unknown,370171,0.1
5,12020,24535,-123.7720485,43.18759359,Ford,Blocked,108847.2,0.1
5,12021,1212,-123.7148249,43.07138973,Culvert,Blocked,108847.2,0.1
5,12025,28135,-123.9235648,43.16549946,Dam,Partial,487195.2,0.5
5,12038,7259,-123.9112043,43.1700708,Falls,UnkAnad,455041.93,0.5
5,12078,10711,-124.1113459,42.73749534,CascadeGradientVelocity,UnkAnad,455041.93,0.1
5,12136,27865,-124.0217355,43.08493485,Falls,Blocked,455041.93,0.1
5,12184,6519,-123.7935304,43.15091118,Falls,Blocked,455041.93,0.1
5,12359,24744,-124.1198525,43.21232385,Culvert,Blocked,108847.2,0.1
5,12380,9863,-123.9366746,43.21525561,Falls,Blocked,455041.93,0.1
5,12618,23902,-124.017586,43.01174067,Culvert,Blocked,108847.2,0.1
5,12703,45750,-123.8705,43.2615,Culvert,Blocked,108847.2,0.1
5,12753,30090,-123.9746409,42.82068001,Culvert,Blocked,108847.2,0.1
5,12931,38909,-123.8893216,43.01052105,Falls,Blocked,455041.93,0.1
5,12990,1577,-123.7472545,43.03855292,Culvert,Blocked,108847.2,0.1
5,13074,27795,-123.6932901,43.14960972,Falls,Blocked,455041.93,0.1
5,13247,27835,-123.8374474,43.1783853,Falls,UnkAnad,455041.93,0.5
5,13375,27799,-123.7099633,42.94285685,Falls,UnkAnad,455041.93,0.5
5,13387,16912,-123.65445,43.058494,Culvert,Unknown,108847.2,0.1
5,13387,1448,-123.6527314,43.05901634,Culvert,Blocked,108847.2,0.1
5,13482,1348,-123.6761708,42.94056632,Culvert,Partial,108847.2,0.5
5,13677,27852,-123.9727691,42.90048502,Falls,Unknown,455041.93,0.5
5,13728,27499,-123.7744122,43.16968914,Culvert,Blocked,108847.2,0.1
5,13813,9930,-124.1008423,43.2732968,Falls,Blocked,455041.93,0.1
5,13885,1214,-123.7035337,43.08173764,Culvert,Blocked,108847.2,0.1
5,13970,38934,-123.8809437,43.05130053,Falls,Blocked,455041.93,0.1
5,13972,1596,-123.6549442,43.0276759,Culvert,Blocked,108847.2,0.1
5,14084,6717,-123.8748627,43.05245355,CascadeGradientVelocity,UnkAnad,455041.93,0.1
5,14084,29438,-123.8746945,43.05247252,Culvert,Partial,108847.2,0.5
5,14164,1578,-123.7440654,43.02950643,Culvert,Blocked,108847.2,0.1
5,14539,27796,-123.7142942,42.94497312,CascadeGradientVelocity,UnkAnad,455041.93,0.1
5,14661,5600,-123.9795249,43.16437711,CascadeGradientVelocity,UnkAnad,455041.93,0.1
5,14717,1209,-123.7532821,43.07643633,Culvert,Blocked,108847.2,0.1
5,14877,1452,-123.7277637,43.05667319,Culvert,Blocked,108847.2,0.1
5,14877,1534,-123.7267819,43.05394823,Culvert,Blocked,108847.2,0.1
5,14952,23901,-124.2184474,43.22369339,Culvert,Blocked,108847.2,0.1
5,15127,24307,-123.7071202,43.12857197,Culvert,Partial,108847.2,0.5
5,15412,27797,-123.7132091,42.94470587,CascadeGradientVelocity,UnkAnad,455041.93,0.1
5,15604,24539,-124.1191116,43.21223548,Culvert,Blocked,108847.2,0.1
5,16058,2053,-123.6678649,43.02170527,Culvert,Blocked,108847.2,0.1
6,16431,27815,-123.827746,43.19416658,Falls,Blocked,455041.93,0.1
6,16488,27506,-123.8906087,43.21842495,Culvert,Unknown,108847.2,0.1
6,16506,6530,-123.8735425,43.20824018,Falls,Unknown,455041.93,0.5
6,16506,27505,-123.8812244,43.20369739,Culvert,Passable,108847.2,1
6,16573,38920,-123.8310542,43.1150688,Falls,Blocked,455041.93,0.1
6,16694,1133,-123.683852,42.89640791,Culvert,Blocked,108847.2,0.1
6,16696,1252,-123.6685773,43.0134201,Culvert,Blocked,108847.2,0.1
6,16751,6527,-123.8796058,43.1826031,Falls,Blocked,455041.93,0.1
6,16961,1595,-123.6458857,43.02714077,Culvert,Blocked,108847.2,0.1
6,17273,1266,-123.7371548,43.01433533,Culvert,Passable,108847.2,1
6,17273,1684,-123.7446923,43.01722182,Culvert,Passable,108847.2,1
6,17331,27502,-123.8499434,43.12755224,Culvert,Blocked,108847.2,0.1
6,17394,27520,-123.9786937,43.08852268,Culvert,Blocked,108847.2,0.1
6,17394,6526,-123.9716999,43.0974107,Falls,Blocked,455041.93,0.1
6,17423,24525,-123.7265403,43.19032376,Culvert,Blocked,108847.2,0.1
6,17435,3894,-124.0342994,43.20464618,Culvert,Blocked,108847.2,0.1
6,17548,43680,-123.919592,43.118121,Culvert,Passable,108847.2,1
6,17745,27816,-123.8296797,43.19883492,Falls,Blocked,455041.93,0.1
6,18188,2053,-123.6678649,43.02170527,Culvert,Blocked,108847.2,0.1
6,18564,1349,-123.7342056,42.94098237,Culvert,Blocked,108847.2,0.1
6,18876,1212,-123.7148249,43.07138973,Culvert,Blocked,108847.2,0.1
6,18957,24798,-123.8585855,43.0850096,Culvert,Blocked,108847.2,0.1
6,19538,2752,-123.9480238,43.0592379,Culvert,Unknown,108847.2,0.1
6,19621,1399,-123.6980618,42.91522412,Culvert,Partial,108847.2,0.5
6,19621,45412,-123.6978651,42.91510821,CascadeGradientVelocity,Blocked,455041.93,0.1
6,19683,10653,-123.8195592,43.21041926,Falls,Blocked,455041.93,0.1
6,19784,24798,-123.8585855,43.0850096,Culvert,Blocked,108847.2,0.1
6,19873,1513,-123.6745858,42.90332045,Culvert,Blocked,108847.2,0.1
6,20018,27827,-123.850927,43.12468629,Falls,Unknown,455041.93,0.5
6,20018,27828,-123.8509297,43.12456436,Falls,Unknown,455041.93,0.5
6,20128,27818,-123.8331883,43.13132735,Falls,UnkAnad,455041.93,0.5
6,20215,44828,-123.976352,43.29639784,CascadeGradientVelocity,Blocked,455041.93,0.1
6,20247,24536,-123.7765358,43.19391508,Culvert,Blocked,108847.2,0.1
6,20545,2736,-123.9696637,43.08162765,Culvert,UnkAnad,108847.2,0.1
6,20553,27836,-123.8974651,43.20805696,CascadeGradientVelocity,Unknown,455041.93,0.1
6,20992,23901,-124.2184474,43.22369339,Culvert,Blocked,108847.2,0.1
6,21429,38841,-123.8507363,43.12727893,Falls,Blocked,455041.93,0.1
6,21433,27826,-123.8438797,43.12958042,Falls,Blocked,455041.93,0.1
6,21445,27837,-123.8976816,43.2086221,Falls,Blocked,455041.93,0.1
7,21598,43680,-123.919592,43.118121,Culvert,Passable,108847.2,1
7,21941,1266,-123.7371548,43.01433533,Culvert,Passable,108847.2,1
7,22128,5441,-123.8422878,43.21087361,Falls,Blocked,455041.93,0.1
7,22224,6526,-123.9716999,43.0974107,Falls,Blocked,455041.93,0.1
7,22268,1264,-123.7452041,43.02157787,Culvert,Blocked,108847.2,0.1
7,22268,1265,-123.7423876,43.02065823,Culvert,Passable,108847.2,1
7,22397,6527,-123.8796058,43.1826031,Falls,Blocked,455041.93,0.1
7,23392,1132,-123.6831496,42.89647613,Culvert,Blocked,108847.2,0.1
8,24567,1264,-123.7452041,43.02157787,Culvert,Blocked,108847.2,0.1
8,24731,5441,-123.8422878,43.21087361,Falls,Blocked,455041.93,0.1
